Season,target,seeddiff,T1winrate,T2winrate,T1_seed_ALL,seeddiff_vsT2_ALL,T1winrate_vsT2_ALL,T2winrate_vsT2_ALL,T1winrate_vsT2_vsT2_ALL,winratediff_ALL
2010,1,-9,0.808510638,1,1.638297872,-9,0.808510638,1,1,0.290867374
2010,1,-1,0.384615385,1,8.230769231,-1,0.384615385,1,1,-0.090157065
2010,1,-13,0.692307692,1,2.576923077,-13,0.692307692,1,1,0.123133891
2010,1,-11,0.615384615,1,4.384615385,-11,0.615384615,1,1,0.067467237
2010,1,-7,0.571428571,0.75,5,-7,0.571428571,0.75,1,0.035291586
2010,1,-7,0.529411765,1,4.882352941,-7,0.529411765,1,1,-0.063737468
2010,1,-3,0.5,0.466666667,9.4,-3,0.5,0.466666667,1,0.00631095
2010,1,-1,0.526315789,0.75,5.210526316,-1,0.526315789,0.75,1,0.029590364
2010,1,-9,0.642857143,1,3.214285714,-9,0.642857143,1,1,0.025681714
2010,1,-3,0.461538462,1,6.769230769,-3,0.461538462,1,1,-0.055933596
2010,1,-7,0.4,1,6.2,-7,0.4,1,1,-0.191788601
2010,1,-9,0.461538462,1,6.769230769,-9,0.461538462,1,1,-0.065714408
2010,1,-5,0.454545455,0.888888889,6.636363636,-5,0.454545455,0.888888889,1,-0.134908742
2010,1,-15,0.795918367,1,1.897959184,-15,0.795918367,1,1,0.28623835
2010,1,-15,0.666666667,1,2.878787879,-15,0.666666667,1,1,0.101157977
2010,1,-13,0.677419355,1,3.129032258,-13,0.677419355,1,1,0.095717891
2010,1,5,0.25,0.5,12,5,0.25,0.5,1,-0.208637599
2010,1,-15,0.9,1,1.083333333,-15,0.9,1,1,0.41385203
2010,1,-9,0.357142857,1,6.071428571,-9,0.357142857,1,1,-0.210679863
2010,1,-3,0.75,1,2.833333333,-3,0.75,1,1,0.239925337
2010,1,-15,0.454545455,1,4.909090909,-15,0.454545455,1,1,-0.110255694
2010,1,-13,0.823529412,1,1.176470588,-13,0.823529412,1,1,0.372491828
2010,1,-13,0.5625,1,4,-13,0.5625,1,1,-0.034392507
2010,1,-11,0.571428571,0.75,5.666666667,-11,0.571428571,0.75,1,0.102176052
2010,1,5,0.5,0.434782609,11.25,5,0.5,0.434782609,1,0.046432553
2010,1,-1,0.4,0.833333333,8.6,-1,0.4,0.833333333,1,0.034705882
2010,1,-1,0.619047619,0.461538462,4.047619048,-1,0.619047619,0.461538462,1,0.055245931
2010,1,-5,0.375,0.5,7.5,-5,0.375,0.5,1,-0.081517094
2010,1,3,0.5,1,10,3,0.5,1,1,-0.088235294
2010,1,-11,0.466666667,1,5.8,-11,0.466666667,1,1,-0.151661836
2010,1,7,0.333333333,0.666666667,8.166666667,7,0.333333333,0.666666667,1,-0.235318179
2010,1,-11,0.666666667,1,2.666666667,-11,0.666666667,1,1,0.107190098
2010,1,-1,0.808510638,0.428571429,1.638297872,-1,0.808510638,0.428571429,1,0.290867374
2010,1,-5,0.692307692,0.538461538,2.576923077,-5,0.692307692,0.538461538,1,0.123133891
2010,1,-3,0.615384615,0.545454545,4.384615385,-3,0.615384615,0.545454545,1,0.067467237
2010,1,1,0.529411765,0.538461538,4.882352941,1,0.529411765,0.538461538,1,-0.063737468
2010,1,5,0.5,0.322580645,9.4,5,0.5,0.322580645,1,0.00631095
2010,1,-1,0.642857143,0.6,3.214285714,-1,0.642857143,0.6,1,0.025681714
2010,1,-7,0.795918367,0.473684211,1.897959184,-7,0.795918367,0.473684211,1,0.28623835
2010,1,-7,0.666666667,0.615384615,2.878787879,-7,0.666666667,0.615384615,1,0.101157977
2010,1,-7,0.9,0.6,1.083333333,-7,0.9,0.6,1,0.41385203
2010,1,-8,0.357142857,0.666666667,6.071428571,-2.5,0.357142857,0.666666667,0.5,-0.210679863
2010,1,5,0.75,0.4375,2.833333333,5,0.75,0.4375,1,0.239925337
2010,1,-7,0.454545455,0.380952381,4.909090909,-7,0.454545455,0.380952381,1,-0.110255694
2010,1,-8,0.823529412,0.5,1.176470588,-8,0.823529412,0.5,1,0.372491828
2010,1,-8,0.571428571,0.75,5.666666667,-8,0.571428571,0.75,1,0.102176052
2010,1,8,0.5,0.533333333,11.25,8,0.5,0.533333333,1,0.046432553
2010,1,-3,0.666666667,0.625,2.666666667,-3,0.666666667,0.625,1,0.107190098
2010,1,3,0.808510638,0.333333333,1.638297872,1,0.808510638,0.333333333,1,0.290867374
2010,1,-9,0.692307692,0.5,2.576923077,-9,0.692307692,0.5,1,0.123133891
2010,1,-4,0.795918367,0.470588235,1.897959184,-3.5,0.795918367,0.470588235,0.5,0.28623835
2010,1,-4,0.666666667,0.5,2.666666667,-4,0.666666667,0.5,1,0.107190098
2010,1,-3,0.9,0.642857143,1.083333333,-3,0.9,0.642857143,1,0.41385203
2010,1,-4,0.615384615,0.25,4.384615385,-4,0.615384615,0.25,1,0.067467237
2010,1,3,0.642857143,0.545454545,3.214285714,3,0.642857143,0.545454545,1,0.025681714
2010,1,1,0.571428571,0.176470588,5.666666667,2.5,0.571428571,0.176470588,0.5,0.102176052
2010,1,2,0.808510638,0.307692308,1.638297872,2,0.808510638,0.307692308,1,0.290867374
2010,1,-2,0.795918367,0.333333333,1.897959184,-2,0.795918367,0.333333333,1,0.28623835
2010,1,-2,0.9,0.384615385,1.083333333,-2,0.9,0.384615385,1,0.41385203
2010,1,-1,0.571428571,0.357142857,5.666666667,1,0.571428571,0.357142857,0.5,0.102176052
2010,1,-3,0.9,0.191489362,1.083333333,-2,0.9,0.191489362,1,0.41385203
2010,1,-2,0.795918367,0.428571429,1.897959184,-1.5,0.795918367,0.428571429,1,0.28623835
2010,1,0,0.9,0.204081633,1.083333333,-0.5,0.9,0.204081633,1,0.41385203
2011,1,-11,0.5,1,6.55,-11,0.5,1,1,0.020968162
2011,1,-13,0.692307692,1,2.576923077,-13,0.692307692,1,1,0.123133891
2011,1,-7,0.5,1,5.3,-7,0.5,1,1,-0.111464978
2011,1,5,0.5,0.473684211,9.4,5,0.5,0.473684211,1,0.00631095
2011,1,-9,0.642857143,1,3.214285714,-9,0.642857143,1,1,0.025681714
2011,1,3,0.25,0.642857143,12,3,0.25,0.642857143,1,-0.200146388
2011,1,-1,0.375,0.434782609,7.125,-1,0.375,0.434782609,1,-0.138607373
2011,1,-7,0.533333333,1,5.2,-7,0.533333333,1,1,0.002130852
2011,1,-13,0.823529412,1,1.176470588,-13,0.823529412,1,1,0.372491828
2011,1,-9,0.5625,1,4,-9,0.5625,1,1,-0.034392507
2011,1,-5,0.6,0.615384615,3.9,-5,0.6,0.615384615,1,-0.009638932
2011,1,1,0.454545455,1,6.636363636,1,0.454545455,1,1,-0.134908742
2011,1,-15,0.795918367,1,1.897959184,-14,0.795918367,1,1,0.28623835
2011,1,3,0.4,0.466666667,8.6,3,0.4,0.466666667,1,0.034705882
2011,1,-15,0.666666667,1,2.878787879,-15,0.666666667,1,1,0.101157977
2011,1,-11,0.619047619,1,4.047619048,-11,0.619047619,1,1,0.055245931
2011,1,-15,0.808510638,1,1.638297872,-15,0.808510638,1,1,0.290867374
2011,1,-15,0.9,1,1.083333333,-15,0.9,1,1,0.41385203
2011,1,-11,0.615384615,1,4.384615385,-11,0.615384615,1,1,0.067467237
2011,1,-7,0.571428571,0.888888889,5,-7,0.571428571,0.888888889,1,0.035291586
2011,1,-5,0.529411765,1,4.882352941,-5,0.529411765,1,1,-0.063737468
2011,1,-3,0.722222222,0.625,3.361111111,-3,0.722222222,0.625,1,0.211663291
2011,1,-9,0.677419355,1,2.838709677,-9,0.677419355,1,1,0.123693281
2011,1,-11,0.384615385,1,5.461538462,-11,0.384615385,1,1,-0.24857657
2011,1,-9,0.4,1,6.2,-9,0.4,1,1,-0.191788601
2011,1,-5,0.571428571,0.833333333,5.666666667,-5,0.571428571,0.833333333,1,0.102176052
2011,1,1,0.454545455,0.625,6.454545455,1,0.454545455,0.625,1,-0.072567465
2011,1,-3,0.25,1,7.25,-3,0.25,1,1,-0.312033107
2011,1,-13,0.677419355,1,3.129032258,-13,0.677419355,1,1,0.095717891
2011,1,1,0.466666667,1,5.8,1,0.466666667,1,1,-0.151661836
2011,1,-7,0.333333333,0.75,8.166666667,-7,0.333333333,0.75,1,-0.235318179
2011,1,-13,0.666666667,0.75,2.666666667,-13,0.666666667,0.75,1,0.107190098
2011,1,-3,0.5,0.4,6.55,-3,0.5,0.4,1,0.020968162
2011,1,-8,0.692307692,0.75,2.576923077,-8,0.692307692,0.75,1,0.123133891
2011,1,8,0.5,0.380952381,9.4,8,0.5,0.380952381,1,0.00631095
2011,1,1,0.533333333,0.357142857,5.2,1,0.533333333,0.357142857,1,0.002130852
2011,1,-8,0.823529412,0.6,1.176470588,-8,0.823529412,0.6,1,0.372491828
2011,1,-1,0.5625,0.5,4,-1,0.5625,0.5,1,-0.034392507
2011,1,-8,0.795918367,0.545454545,1.897959184,-8,0.795918367,0.545454545,1,0.28623835
2011,1,-7,0.666666667,0.625,2.878787879,-7,0.666666667,0.625,1,0.101157977
2011,1,-8,0.808510638,0.533333333,1.638297872,-8,0.808510638,0.533333333,1,0.290867374
2011,1,-8,0.9,0.545454545,1.083333333,-8,0.9,0.545454545,1,0.41385203
2011,1,1,0.571428571,0.322580645,5,1,0.571428571,0.322580645,1,0.035291586
2011,1,3,0.529411765,0.384615385,4.882352941,3,0.529411765,0.384615385,1,-0.063737468
2011,1,5,0.722222222,0.333333333,3.361111111,5,0.722222222,0.333333333,1,0.211663291
2011,1,3,0.571428571,0.615384615,5.666666667,3,0.571428571,0.615384615,1,0.102176052
2011,1,-5,0.677419355,0.75,3.129032258,-5,0.677419355,0.75,1,0.095717891
2011,1,1,0.333333333,0.6,8.166666667,1,0.333333333,0.6,1,-0.235318179
2011,1,4,0.5,0.277777778,9.4,4,0.5,0.277777778,1,0.00631095
2011,1,-4,0.823529412,0.428571429,1.176470588,-2.5,0.823529412,0.428571429,0.5,0.372491828
2011,1,-4,0.795918367,0.466666667,1.897959184,-3,0.795918367,0.466666667,1,0.28623835
2011,1,-3,0.666666667,0.4375,2.878787879,0.5,0.666666667,0.4375,1,0.101157977
2011,1,-4,0.808510638,0.666666667,1.638297872,-4,0.808510638,0.666666667,1,0.290867374
2011,1,-4,0.9,0.428571429,1.083333333,-4,0.9,0.428571429,1,0.41385203
2011,1,-1,0.692307692,0.5,2.576923077,-3,0.692307692,0.5,0.5,0.123133891
2011,1,-4,0.677419355,0.470588235,3.129032258,-4,0.677419355,0.470588235,1,0.095717891
2011,1,1,0.823529412,0.333333333,1.176470588,1,0.823529412,0.333333333,1,0.372491828
2011,1,-10,0.795918367,0.5,1.897959184,-9.5,0.795918367,0.5,1,0.28623835
2011,1,-1,0.9,0.307692308,1.083333333,-2.5,0.9,0.307692308,1,0.41385203
2011,1,1,0.677419355,0.191489362,3.129032258,1,0.677419355,0.191489362,1,0.095717891
2011,1,1,0.823529412,0.1,1.176470588,0,0.823529412,0.1,0.571428571,0.372491828
2011,1,1,0.677419355,0.204081633,3.129032258,1,0.677419355,0.204081633,1,0.095717891
2011,1,0,0.677419355,0.176470588,3.129032258,2,0.677419355,0.176470588,0.333333333,0.095717891
2012,1,-5,0.4,0.615384615,7.2,-5,0.4,0.615384615,1,-0.109224258
2012,1,-15,0.9,1,1.083333333,-15,0.9,1,1,0.41385203
2012,1,-3,0.5,0.6,6.55,-3,0.5,0.6,1,0.020968162
2012,1,5,0.5,0.75,9.4,5,0.5,0.75,1,0.00631095
2012,1,-1,0.375,0.888888889,8.125,-1,0.375,0.888888889,1,-0.184214898
2012,1,-13,0.642857143,1,3.214285714,-13,0.642857143,1,1,0.025681714
2012,1,-3,0.722222222,0.6,3.361111111,-3,0.722222222,0.6,1,0.211663291
2012,1,-13,0.677419355,1,2.838709677,-13,0.677419355,1,1,0.123693281
2012,1,-11,0.384615385,1,5.461538462,-11,0.384615385,1,1,-0.24857657
2012,1,-9,0.454545455,0.75,6.454545455,-9,0.454545455,0.75,1,-0.072567465
2012,1,-7,0.764705882,1,1.911764706,-7,0.764705882,1,1,0.227847734
2012,1,-15,0.795918367,1,1.897959184,-15,0.795918367,1,1,0.28623835
2012,1,-13,0.666666667,1,2.878787879,-13,0.666666667,1,1,0.101157977
2012,1,-11,0.677419355,0.857142857,3.129032258,-11,0.677419355,0.857142857,1,0.095717891
2012,1,-1,0.466666667,0.434782609,5.8,-1,0.466666667,0.434782609,1,-0.151661836
2012,1,-3,0.333333333,0.642857143,8.166666667,2.5,0.333333333,0.642857143,0.5,-0.235318179
2012,1,-15,0.808510638,1,1.638297872,-15,0.808510638,1,1,0.290867374
2012,1,-1,0.5625,0.473684211,5.5625,-1,0.5625,0.473684211,1,0.048873255
2012,1,-11,0.6,0.75,4.8,-11,0.6,0.75,1,0.111904762
2012,1,-13,0.692307692,1,2.576923077,-13,0.692307692,1,1,0.123133891
2012,1,1,0.4,0.4375,9,1,0.4,0.4375,1,-0.100303367
2012,1,-7,0.571428571,1,5,-7,0.571428571,1,1,0.035291586
2012,1,-9,0.5,1,5.3,-9,0.5,1,1,-0.111464978
2012,1,5,0.666666667,0.545454545,11.5,5,0.666666667,0.545454545,1,0.218241236
2012,1,-7,0.461538462,0.5,6.769230769,-7,0.461538462,0.5,1,-0.055933596
2012,1,9,0.25,0.470588235,12,9,0.25,0.470588235,1,-0.200146388
2012,1,-15,0.823529412,1,1.176470588,-15,0.823529412,1,1,0.372491828
2012,1,-5,0.571428571,0.5,5.666666667,-5,0.571428571,0.5,1,0.102176052
2012,1,-9,0.6,1,3.9,-9,0.6,1,1,-0.009638932
2012,1,-7,0.6,0.777777778,7,-7,0.6,0.777777778,1,0.084791352
2012,1,-11,0.454545455,0.571428571,6.636363636,-11,0.454545455,0.571428571,1,-0.134908742
2012,1,-3,0.375,1,7.5,-3,0.375,1,1,-0.081517094
2012,1,-7,0.9,0.625,1.083333333,-7,0.9,0.625,1,0.41385203
2012,1,8,0.5,0.615384615,9.4,8,0.5,0.615384615,1,0.00631095
2012,1,-5,0.642857143,0.666666667,3.214285714,-5,0.642857143,0.666666667,1,0.025681714
2012,1,-5,0.677419355,0.277777778,2.838709677,-2,0.677419355,0.277777778,1,0.123693281
2012,1,1,0.764705882,0.545454545,1.911764706,1,0.764705882,0.545454545,1,0.227847734
2012,1,-7,0.795918367,0.533333333,1.897959184,-7,0.795918367,0.533333333,1,0.28623835
2012,1,-5,0.666666667,0.5,2.878787879,-5,0.666666667,0.5,1,0.101157977
2012,1,-3,0.677419355,0.6,3.129032258,-3,0.677419355,0.6,1,0.095717891
2012,1,-8,0.808510638,0.6,1.638297872,-8,0.808510638,0.6,1,0.290867374
2012,1,-5,0.692307692,0.625,2.576923077,-5,0.692307692,0.625,1,0.123133891
2012,1,-1,0.5,0.428571429,5.3,-1,0.5,0.428571429,1,-0.111464978
2012,1,8,0.666666667,0.4,11.5,8,0.666666667,0.4,1,0.218241236
2012,1,-7,0.823529412,0.4375,1.176470588,-7,0.823529412,0.4375,1,0.372491828
2012,1,-1,0.6,0.538461538,3.9,-2,0.6,0.538461538,0.5,-0.009638932
2012,1,-8,0.6,0.75,7,-8,0.6,0.75,1,0.084791352
2012,1,-3,0.454545455,0.428571429,6.636363636,-3,0.454545455,0.428571429,1,-0.134908742
2012,1,-3,0.808510638,0.5,1.638297872,-3,0.808510638,0.5,1,0.290867374
2012,1,-1,0.692307692,0.545454545,2.576923077,-1,0.692307692,0.545454545,1,0.123133891
2012,1,-4,0.795918367,0.235294118,1.897959184,-1,0.795918367,0.235294118,0.666666667,0.28623835
2012,1,-9,0.666666667,0.333333333,2.878787879,-9,0.666666667,0.333333333,1,0.101157977
2012,1,-3,0.9,0.4,1.083333333,-3,0.9,0.4,1,0.41385203
2012,1,-9,0.642857143,0.5,3.214285714,-9,0.642857143,0.5,1,0.025681714
2012,1,-1,0.677419355,0.322580645,2.838709677,-1,0.677419355,0.322580645,1,0.123693281
2012,1,-4,0.823529412,0.4,1.176470588,-4,0.823529412,0.4,1,0.372491828
2012,1,-1,0.808510638,0.333333333,1.638297872,1,0.808510638,0.333333333,1,0.290867374
2012,1,-1,0.795918367,0.307692308,1.897959184,-1,0.795918367,0.307692308,1,0.28623835
2012,1,-1,0.9,0.357142857,1.083333333,-1,0.9,0.357142857,1,0.41385203
2012,1,-1,0.823529412,0.322580645,1.176470588,-2,0.823529412,0.322580645,1,0.372491828
2012,1,0,0.808510638,0.204081633,1.638297872,0,0.808510638,0.204081633,1,0.290867374
2012,1,0,0.823529412,0.1,1.176470588,0,0.823529412,0.1,0.571428571,0.372491828
2012,1,0,0.808510638,0.176470588,1.638297872,0.5,0.808510638,0.176470588,0.5,0.290867374
2013,1,-13,0.5625,1,5.5625,-13,0.5625,1,1,0.048873255
2013,1,-15,0.9,1,1.083333333,-15,0.9,1,1,0.41385203
2013,1,3,0.428571429,0.444444444,10,3,0.428571429,0.444444444,1,-0.073028893
2013,1,-9,0.529411765,1,4.882352941,-9,0.529411765,1,1,-0.063737468
2013,1,-7,0.357142857,0.5,6.071428571,-7,0.357142857,0.5,1,-0.210679863
2013,1,7,0.666666667,1,11.5,7,0.666666667,1,1,0.218241236
2013,1,-9,0.677419355,0.625,2.838709677,-9,0.677419355,0.625,1,0.123693281
2013,1,-7,0.4,0.75,6.2,-7,0.4,0.75,1,-0.191788601
2013,1,-5,0.454545455,1,4.909090909,-5,0.454545455,1,1,-0.110255694
2013,1,-5,0.571428571,0.666666667,5.666666667,-5,0.571428571,0.666666667,1,0.102176052
2013,1,-9,0.764705882,0.75,1.911764706,-9,0.764705882,0.75,1,0.227847734
2013,1,3,0.4,1,7.7,3,0.4,1,1,-0.216765873
2013,1,-13,0.666666667,1,2.878787879,-13,0.666666667,1,1,0.101157977
2013,1,-11,0.677419355,1,3.129032258,-11,0.677419355,1,1,0.095717891
2013,1,-11,0.619047619,1,4.047619048,-11,0.619047619,1,1,0.055245931
2013,1,-1,0.375,0.666666667,7.5,-1,0.375,0.666666667,1,-0.081517094
2013,1,-15,0.808510638,1,1.638297872,-15,0.808510638,1,1,0.290867374
2013,1,-3,0.384615385,0.545454545,8.230769231,-3,0.384615385,0.545454545,1,-0.090157065
2013,1,-5,0.6,0.533333333,4.8,-5,0.6,0.533333333,1,0.111904762
2013,1,-13,0.692307692,1,2.576923077,-13,0.692307692,1,1,0.123133891
2013,1,-1,0.615384615,0.888888889,4.384615385,-1,0.615384615,0.888888889,1,0.067467237
2013,1,1,0.526315789,0.615384615,5.210526316,-3.5,0.526315789,0.615384615,1,0.029590364
2013,1,-13,0.642857143,1,3.214285714,-13,0.642857143,1,1,0.025681714
2013,1,-7,0.722222222,1,3.361111111,-7,0.722222222,1,1,0.211663291
2013,1,-5,0.461538462,0.666666667,6.769230769,-5,0.461538462,0.666666667,1,-0.055933596
2013,1,-1,0.5,0.666666667,7.5,-1,0.5,0.666666667,1,0.030381266
2013,1,-11,0.533333333,0.857142857,5.2,-11,0.533333333,0.857142857,1,0.002130852
2013,1,-15,0.823529412,1,1.176470588,-15,0.823529412,1,1,0.372491828
2013,1,-3,0.461538462,0.5,6.769230769,-3,0.461538462,0.5,1,-0.065714408
2013,1,-11,0.6,1,3.9,-11,0.6,1,1,-0.009638932
2013,1,-9,0.454545455,1,6.454545455,-9,0.454545455,1,1,-0.072567465
2013,1,-15,0.795918367,1,1.897959184,-15,0.795918367,1,1,0.28623835
2013,1,-8,0.5625,0.6,5.5625,-8,0.5625,0.6,1,0.048873255
2013,1,-7,0.9,0.625,1.083333333,-7,0.9,0.625,1,0.41385203
2013,1,-1,0.529411765,0.642857143,4.882352941,-1,0.529411765,0.642857143,1,-0.063737468
2013,1,8,0.666666667,0.235294118,11.5,8,0.666666667,0.235294118,1,0.218241236
2013,1,-1,0.677419355,0.6,2.838709677,-1,0.677419355,0.6,1,0.123693281
2013,1,3,0.454545455,0.322580645,4.909090909,3,0.454545455,0.322580645,1,-0.110255694
2013,1,3,0.571428571,0.380952381,5.666666667,3,0.571428571,0.380952381,1,0.102176052
2013,1,-8,0.666666667,0.571428571,2.878787879,-8,0.666666667,0.571428571,1,0.101157977
2013,1,-7,0.808510638,0.384615385,1.638297872,-5.5,0.808510638,0.384615385,1,0.290867374
2013,1,3,0.6,0.466666667,4.8,3,0.6,0.466666667,1,0.111904762
2013,1,-5,0.692307692,0.538461538,2.576923077,-5,0.692307692,0.538461538,1,0.123133891
2013,1,-5,0.642857143,0.615384615,3.214285714,-5,0.642857143,0.615384615,0.5,0.025681714
2013,1,1,0.722222222,0.545454545,3.361111111,1,0.722222222,0.545454545,1,0.211663291
2013,1,3,0.461538462,0.4,6.769230769,2,0.461538462,0.4,0.5,-0.055933596
2013,1,-8,0.823529412,0.473684211,1.176470588,-8,0.823529412,0.473684211,1,0.372491828
2013,1,-7,0.795918367,0.5,1.897959184,-7,0.795918367,0.5,1,0.28623835
2013,1,-4,0.5625,0.538461538,5.5625,-1.5,0.5625,0.538461538,1,0.048873255
2013,1,-3,0.9,0.322580645,1.083333333,-1.5,0.9,0.322580645,1,0.41385203
2013,1,3,0.529411765,0.204081633,4.882352941,3.5,0.529411765,0.204081633,0.5,-0.063737468
2013,1,-4,0.642857143,0.4,3.214285714,-4,0.642857143,0.4,1,0.025681714
2013,1,-4,0.692307692,0.545454545,2.576923077,-4,0.692307692,0.545454545,1,0.123133891
2013,1,4,0.722222222,0.191489362,3.361111111,3.5,0.722222222,0.191489362,0.5,0.211663291
2013,1,-11,0.823529412,0.333333333,1.176470588,-11,0.823529412,0.333333333,1,0.372491828
2013,1,-4,0.666666667,0.428571429,2.878787879,-4,0.666666667,0.428571429,1,0.101157977
2013,1,-2,0.5625,0.470588235,5.5625,-2,0.5625,0.470588235,1,0.048873255
2013,1,-1,0.9,0.357142857,1.083333333,-1,0.9,0.357142857,1,0.41385203
2013,1,3,0.722222222,0.333333333,3.361111111,1,0.722222222,0.333333333,1,0.211663291
2013,1,-1,0.823529412,0.307692308,1.176470588,-1,0.823529412,0.307692308,1,0.372491828
2013,1,0,0.9,0.176470588,1.083333333,0,0.9,0.176470588,0.428571429,0.41385203
2013,1,3,0.722222222,0.4375,3.361111111,3,0.722222222,0.4375,1,0.211663291
2013,1,-4,0.9,0.277777778,1.083333333,-1.5,0.9,0.277777778,1,0.41385203
2014,1,1,0.533333333,0.625,5.533333333,1,0.533333333,0.625,1,-0.036689013
2014,1,-13,0.808510638,1,1.638297872,-13,0.808510638,1,1,0.290867374
2014,1,7,0.4,0.461538462,10.3,7,0.4,0.461538462,1,-0.032694766
2014,1,-3,0.5625,1,5.5625,-3,0.5625,1,1,0.048873255
2014,1,-3,0.5,0.428571429,6.55,-5,0.5,0.428571429,1,0.020968162
2014,1,-13,0.692307692,1,2.576923077,-13,0.692307692,1,1,0.123133891
2014,1,3,0.615384615,0.642857143,4.384615385,3,0.615384615,0.642857143,1,0.067467237
2014,1,-11,0.642857143,0.75,3.214285714,-11,0.642857143,0.75,1,0.025681714
2014,1,-9,0.454545455,1,4.909090909,-9,0.454545455,1,1,-0.110255694
2014,1,-15,0.823529412,1,1.176470588,-15,0.823529412,1,1,0.372491828
2014,1,-7,0.461538462,0.777777778,6.769230769,-2,0.461538462,0.777777778,0.5,-0.065714408
2014,1,-9,0.454545455,1,6.454545455,-9,0.454545455,1,1,-0.072567465
2014,1,-1,0.454545455,1,6.636363636,-1,0.454545455,1,1,-0.134908742
2014,1,-13,0.795918367,1,1.897959184,-13,0.795918367,1,1,0.28623835
2014,1,-5,0.555555556,1,5.833333333,-5,0.555555556,1,1,0.030569866
2014,1,-15,0.666666667,1,2.878787879,-15,0.666666667,1,1,0.101157977
2014,1,-15,0.9,1,1.083333333,-15,0.9,1,1,0.41385203
2014,1,5,0.4,0.615384615,9,5,0.4,0.615384615,1,-0.100303367
2014,1,-5,0.526315789,0.75,5.210526316,-5,0.526315789,0.75,1,0.029590364
2014,1,5,0.166666667,0.5,10.83333333,5,0.166666667,0.5,1,-0.298108679
2014,1,-11,0.722222222,1,3.361111111,-11,0.722222222,1,1,0.211663291
2014,1,-3,0.461538462,0.5,6.769230769,-3,0.461538462,0.5,1,-0.055933596
2014,1,-9,0.677419355,1,2.838709677,-9,0.677419355,1,1,0.123693281
2014,1,-7,0.4,1,6.2,-7,0.4,1,1,-0.191788601
2014,1,-9,0.533333333,1,5.2,-9,0.533333333,1,1,0.002130852
2014,1,1,0.666666667,1,4.380952381,1,0.666666667,1,1,0.150804039
2014,1,-11,0.6,1,3.9,-11,0.6,1,1,-0.009638932
2014,1,-15,0.764705882,1,1.911764706,-15,0.764705882,1,1,0.227847734
2014,1,1,0.333333333,0.470588235,9,1,0.333333333,0.470588235,1,-0.065196078
2014,1,-7,0.565217391,1,4.47826087,-7,0.565217391,1,1,0.026179947
2014,1,-11,0.677419355,1,3.129032258,-11,0.677419355,1,1,0.095717891
2014,1,-13,0.466666667,0.857142857,5.8,-13,0.466666667,0.857142857,1,-0.151661836
2014,1,-5,0.808510638,0.4375,1.638297872,-6.666666667,0.808510638,0.4375,1,0.290867374
2014,1,8,0.4,0.545454545,10.3,8,0.4,0.545454545,1,-0.032694766
2014,1,5,0.5,0.307692308,6.55,3,0.5,0.307692308,0.5,0.020968162
2014,1,-3,0.642857143,0.444444444,3.214285714,-3,0.642857143,0.444444444,1,0.025681714
2014,1,-8,0.823529412,0.466666667,1.176470588,-8,0.823529412,0.466666667,1,0.372491828
2014,1,1,0.461538462,0.545454545,6.769230769,1,0.461538462,0.545454545,1,-0.065714408
2014,1,-8,0.795918367,0.384615385,1.897959184,-8,0.795918367,0.384615385,1,0.28623835
2014,1,-7,0.666666667,0.545454545,2.878787879,-7,0.666666667,0.545454545,1,0.101157977
2014,1,-8,0.9,0.666666667,1.083333333,-8,0.9,0.666666667,1,0.41385203
2014,1,-3,0.722222222,0.473684211,3.361111111,-3,0.722222222,0.473684211,1,0.211663291
2014,1,5,0.461538462,0.533333333,6.769230769,5,0.461538462,0.533333333,1,-0.055933596
2014,1,-1,0.677419355,0.434782609,2.838709677,-2.5,0.677419355,0.434782609,0.5,0.123693281
2014,1,-1,0.533333333,0.6,5.2,-1,0.533333333,0.6,1,0.002130852
2014,1,-8,0.6,0.6,3.9,-8,0.6,0.6,1,-0.009638932
2014,1,-8,0.764705882,0.333333333,1.911764706,-7.5,0.764705882,0.333333333,1,0.227847734
2014,1,-8,0.677419355,0.833333333,3.129032258,-8,0.677419355,0.833333333,1,0.095717891
2014,1,-1,0.808510638,0.357142857,1.638297872,-1,0.808510638,0.357142857,1,0.290867374
2014,1,-11,0.9,0.6,1.083333333,-11,0.9,0.6,1,0.41385203
2014,1,-4,0.823529412,0.538461538,1.176470588,-4,0.823529412,0.538461538,1,0.372491828
2014,1,-4,0.677419355,0.5,3.129032258,-2.5,0.677419355,0.5,1,0.095717891
2014,1,-4,0.722222222,0.538461538,3.361111111,-4,0.722222222,0.538461538,1,0.211663291
2014,1,3,0.677419355,0.333333333,2.838709677,1,0.677419355,0.333333333,1,0.123693281
2014,1,3,0.533333333,0.235294118,5.2,3,0.533333333,0.235294118,0.5,0.002130852
2014,1,-1,0.795918367,0.4,1.897959184,-1,0.795918367,0.4,1,0.28623835
2014,1,-2,0.9,0.322580645,1.083333333,-2,0.9,0.322580645,1,0.41385203
2014,1,-1,0.823529412,0.191489362,1.176470588,-0.5,0.823529412,0.191489362,0.5,0.372491828
2014,1,1,0.677419355,0.277777778,2.838709677,-2,0.677419355,0.277777778,1,0.123693281
2014,1,-2,0.795918367,0.466666667,1.897959184,-3,0.795918367,0.466666667,1,0.28623835
2014,1,-1,0.9,0.204081633,1.083333333,-0.5,0.9,0.204081633,1,0.41385203
2014,1,-3,0.823529412,0.322580645,1.176470588,-2,0.823529412,0.322580645,1,0.372491828
2014,1,0,0.9,0.176470588,1.083333333,0,0.9,0.176470588,0.428571429,0.41385203
2015,1,3,0.4,0.666666667,7.2,3,0.4,0.666666667,1,-0.109224258
2015,1,-13,0.808510638,1,1.638297872,-13,0.808510638,1,1,0.290867374
2015,1,-9,0.5625,1,5.5625,-9,0.5625,1,1,0.048873255
2015,1,-3,0.384615385,0.642857143,8.230769231,-3,0.384615385,0.642857143,1,-0.090157065
2015,1,1,0.5,0.666666667,6.55,1,0.5,0.666666667,1,0.020968162
2015,1,-9,0.692307692,0.857142857,2.576923077,-9,0.692307692,0.857142857,1,0.123133891
2015,1,5,0.5,1,9.4,5,0.5,1,1,0.00631095
2015,1,-11,0.526315789,1,5.210526316,-11,0.526315789,1,1,0.029590364
2015,1,-13,0.642857143,1,3.214285714,-13,0.642857143,1,1,0.025681714
2015,1,5,0.384615385,0.333333333,5.461538462,5,0.384615385,0.333333333,1,-0.24857657
2015,1,-7,0.75,1,2.833333333,-7,0.75,1,1,0.239925337
2015,1,-15,0.823529412,1,1.176470588,-15,0.823529412,1,1,0.372491828
2015,1,-11,0.666666667,0.75,4.380952381,-11,0.666666667,0.75,1,0.150804039
2015,1,-15,0.764705882,1,1.911764706,-15,0.764705882,1,1,0.227847734
2015,1,-1,0.555555556,0.545454545,5.833333333,-1,0.555555556,0.545454545,1,0.030569866
2015,1,-7,0.565217391,1,4.47826087,-7,0.565217391,1,1,0.026179947
2015,1,-11,0.533333333,1,5.533333333,-11,0.533333333,1,1,-0.036689013
2015,1,5,0.25,0.322580645,12,5,0.25,0.322580645,1,-0.208637599
2015,1,-15,0.9,1,1.083333333,-15,0.9,1,1,0.41385203
2015,1,-3,0.222222222,0.538461538,11,2,0.222222222,0.538461538,0.5,-0.263090877
2015,1,-13,0.615384615,1,4.384615385,-13,0.615384615,1,1,0.067467237
2015,1,-11,0.722222222,0.6,3.361111111,-11,0.722222222,0.6,1,0.211663291
2015,1,-15,0.677419355,1,2.838709677,-15,0.677419355,1,1,0.123693281
2015,1,-9,0.533333333,1,5.2,-9,0.533333333,1,1,0.002130852
2015,1,-7,0.5625,0.833333333,4,-7,0.5625,0.833333333,1,-0.034392507
2015,1,-7,0.571428571,0.625,5.666666667,-7,0.571428571,0.625,1,0.102176052
2015,1,3,0.5,1,10,3,0.5,1,1,-0.166666667
2015,1,-1,0.111111111,0.666666667,10.11111111,-1,0.111111111,0.666666667,1,-0.353993945
2015,1,-1,0.25,1,7.25,-1,0.25,1,1,-0.312033107
2015,1,-5,0.4,0.538461538,7.7,-5,0.4,0.538461538,1,-0.216765873
2015,1,-9,0.795918367,1,1.897959184,-9,0.795918367,1,1,0.28623835
2015,1,-13,0.666666667,1,2.878787879,-13,0.666666667,1,1,0.101157977
2015,1,-8,0.808510638,0.6,1.638297872,-8,0.808510638,0.6,1,0.290867374
2015,1,5,0.384615385,0.357142857,8.230769231,5,0.384615385,0.357142857,0.5,-0.090157065
2015,1,-1,0.692307692,0.25,2.576923077,-1,0.692307692,0.25,1,0.123133891
2015,1,8,0.5,0.333333333,9.4,4.5,0.5,0.333333333,0.5,0.00631095
2015,1,-8,0.526315789,0.615384615,5.210526316,-3.5,0.526315789,0.615384615,1,0.029590364
2015,1,-8,0.823529412,0.5,1.176470588,-8,0.823529412,0.5,1,0.372491828
2015,1,-7,0.764705882,0.444444444,1.911764706,-5,0.764705882,0.444444444,0.5,0.227847734
2015,1,1,0.565217391,0.4375,4.47826087,1,0.565217391,0.4375,1,0.026179947
2015,1,-8,0.533333333,0.75,5.533333333,-8,0.533333333,0.75,1,-0.036689013
2015,1,-7,0.9,0.75,1.083333333,-7,0.9,0.75,1,0.41385203
2015,1,-5,0.615384615,0.777777778,4.384615385,-5,0.615384615,0.777777778,1,0.067467237
2015,1,-3,0.722222222,0.6,3.361111111,-3,0.722222222,0.6,1,0.211663291
2015,1,-7,0.677419355,0.888888889,2.838709677,-7,0.677419355,0.888888889,1,0.123693281
2015,1,-1,0.533333333,0.4375,5.2,-1,0.533333333,0.4375,1,0.002130852
2015,1,-1,0.795918367,0.428571429,1.897959184,-1.5,0.795918367,0.428571429,1,0.28623835
2015,1,-8,0.666666667,0.5,2.878787879,-8,0.666666667,0.5,1,0.101157977
2015,1,-1,0.808510638,0.473684211,1.638297872,-1,0.808510638,0.473684211,1,0.290867374
2015,1,-1,0.615384615,0.466666667,4.384615385,-1,0.615384615,0.466666667,1,0.067467237
2015,1,-3,0.823529412,0.204081633,1.176470588,-2,0.823529412,0.204081633,0.5,0.372491828
2015,1,-3,0.764705882,0.466666667,1.911764706,-3,0.764705882,0.466666667,0.5,0.227847734
2015,1,-4,0.9,0.434782609,1.083333333,-2.5,0.9,0.434782609,1,0.41385203
2015,1,4,0.384615385,0.277777778,8.230769231,4,0.384615385,0.277777778,1,-0.090157065
2015,1,-3,0.677419355,0.307692308,2.838709677,-3,0.677419355,0.307692308,1,0.123693281
2015,1,-9,0.666666667,0.5,2.878787879,-9,0.666666667,0.5,1,0.101157977
2015,1,-1,0.823529412,0.191489362,1.176470588,-0.5,0.823529412,0.191489362,0.5,0.372491828
2015,1,-1,0.764705882,0.384615385,1.911764706,-1.333333333,0.764705882,0.384615385,1,0.227847734
2015,1,-6,0.9,0.615384615,1.083333333,-6,0.9,0.615384615,1,0.41385203
2015,1,-1,0.677419355,0.333333333,2.838709677,1,0.677419355,0.333333333,1,0.123693281
2015,1,0,0.9,0.322580645,1.083333333,-1.5,0.9,0.322580645,1,0.41385203
2015,1,0,0.823529412,0.235294118,1.176470588,0,0.823529412,0.235294118,1,0.372491828
2015,1,0,0.9,0.176470588,1.083333333,0,0.9,0.176470588,0.428571429,0.41385203
2016,1,7,0.142857143,0.6,13.71428571,7,0.142857143,0.6,1,-0.253531057
2016,1,-13,0.533333333,1,5.533333333,-13,0.533333333,1,1,-0.036689013
2016,1,1,0.25,0.545454545,9.75,1,0.25,0.545454545,1,-0.199620592
2016,1,-15,0.808510638,1,1.638297872,-15,0.808510638,1,1,0.290867374
2016,1,-5,0.5,0.833333333,6.55,-5,0.5,0.833333333,1,0.020968162
2016,1,1,0.375,1,8.125,1,0.375,1,1,-0.184214898
2016,1,-11,0.722222222,1,3.361111111,-11,0.722222222,1,1,0.211663291
2016,1,-9,0.4,0.833333333,6.2,-9,0.4,0.833333333,1,-0.191788601
2016,1,-7,0.75,1,2.833333333,-7,0.75,1,1,0.239925337
2016,1,-11,0.5625,0.5,4,-11,0.5625,0.5,1,-0.034392507
2016,1,-13,0.666666667,1,4.380952381,-13,0.666666667,1,1,0.150804039
2016,1,-15,0.764705882,1,1.911764706,-15,0.764705882,1,1,0.227847734
2016,1,3,0.6,0.538461538,7,3,0.6,0.538461538,1,0.084791352
2016,1,-9,0.555555556,1,5.833333333,-9,0.555555556,1,1,0.030569866
2016,1,-3,0.666666667,0.666666667,2.878787879,-3,0.666666667,0.666666667,1,0.101157977
2016,1,-5,0.466666667,0.888888889,5.8,-5,0.466666667,0.888888889,1,-0.151661836
2016,1,-15,0.9,1,1.083333333,-15,0.9,1,1,0.41385203
2016,1,1,0.5,1,9,1,0.5,1,1,-0.05
2016,1,-7,0.615384615,1,4.384615385,-7,0.615384615,1,1,0.067467237
2016,1,1,0.625,0.470588235,6.75,1,0.625,0.470588235,1,0.150827513
2016,1,-11,0.642857143,1,3.214285714,-11,0.642857143,1,1,0.025681714
2016,1,-13,0.677419355,1,2.838709677,-13,0.677419355,1,1,0.123693281
2016,1,3,0.428571429,0.6,7.285714286,3,0.428571429,0.6,1,-0.181551426
2016,1,-15,0.823529412,1,1.176470588,-15,0.823529412,1,1,0.372491828
2016,1,-5,0.571428571,0.545454545,5.666666667,-5,0.571428571,0.545454545,1,0.102176052
2016,1,7,0.25,0.615384615,10.66666667,7,0.25,0.615384615,1,-0.17716738
2016,1,-5,0.4,1,7.7,-5,0.4,1,1,-0.216765873
2016,1,-9,0.795918367,1,1.897959184,-9,0.795918367,1,1,0.28623835
2016,1,-13,0.565217391,1,4.47826087,-13,0.565217391,1,1,0.026179947
2016,1,-9,0.677419355,0.428571429,3.129032258,-9,0.677419355,0.428571429,1,0.095717891
2016,1,-11,0.619047619,1,4.047619048,-11,0.619047619,1,1,0.055245931
2016,1,-3,0.666666667,1,5.555555556,-3,0.666666667,1,1,0.153088264
2016,1,-8,0.808510638,0.75,1.638297872,-8,0.808510638,0.75,1,0.290867374
2016,1,3,0.5,0.277777778,6.55,3,0.5,0.277777778,1,0.020968162
2016,1,1,0.75,0.6,2.833333333,1,0.75,0.6,1,0.239925337
2016,1,-3,0.5625,0.533333333,4,-3,0.5625,0.533333333,1,-0.034392507
2016,1,-8,0.666666667,0.4,4.380952381,-8,0.666666667,0.4,1,0.150804039
2016,1,-8,0.764705882,0.625,1.911764706,-8,0.764705882,0.625,1,0.227847734
2016,1,-8,0.555555556,0.857142857,5.833333333,-8,0.555555556,0.857142857,1,0.030569866
2016,1,5,0.666666667,0.466666667,2.878787879,5,0.666666667,0.466666667,1,0.101157977
2016,1,-8,0.9,0.5,1.083333333,-8,0.9,0.5,1,0.41385203
2016,1,1,0.615384615,0.322580645,4.384615385,1,0.615384615,0.322580645,1,0.067467237
2016,1,-3,0.642857143,0.428571429,3.214285714,-1,0.642857143,0.428571429,0.5,0.025681714
2016,1,-8,0.823529412,0.375,1.176470588,-8,0.823529412,0.375,1,0.372491828
2016,1,-8,0.795918367,0.75,1.897959184,-8,0.795918367,0.75,1,0.28623835
2016,1,-8,0.565217391,0.571428571,4.47826087,-8,0.565217391,0.571428571,1,0.026179947
2016,1,-3,0.619047619,0.6,4.047619048,-3,0.619047619,0.6,1,0.055245931
2016,1,5,0.666666667,0.322580645,5.555555556,5,0.666666667,0.322580645,1,0.153088264
2016,1,3,0.795918367,0.176470588,1.897959184,2,0.795918367,0.176470588,0.5,0.28623835
2016,1,3,0.555555556,0.235294118,5.833333333,5,0.555555556,0.235294118,0.5,0.030569866
2016,1,4,0.666666667,0.4375,2.878787879,0.5,0.666666667,0.4375,1,0.101157977
2016,1,4,0.666666667,0.357142857,5.555555556,4,0.666666667,0.357142857,1,0.153088264
2016,1,-4,0.808510638,0.384615385,1.638297872,-5.5,0.808510638,0.384615385,1,0.290867374
2016,1,-4,0.9,0.25,1.083333333,-2.5,0.9,0.25,0.5,0.41385203
2016,1,-4,0.666666667,0.5,4.380952381,-4,0.666666667,0.5,1,0.150804039
2016,1,-1,0.565217391,0.380952381,4.47826087,0.333333333,0.565217391,0.380952381,0.666666667,0.026179947
2016,1,-3,0.555555556,0.333333333,5.833333333,-3,0.555555556,0.333333333,1,0.030569866
2016,1,3,0.666666667,0.204081633,5.555555556,3,0.666666667,0.204081633,1,0.153088264
2016,1,-1,0.9,0.434782609,1.083333333,-2.5,0.9,0.434782609,1,0.41385203
2016,1,1,0.666666667,0.191489362,4.380952381,2.5,0.666666667,0.191489362,1,0.150804039
2016,1,-1,0.9,0.333333333,1.083333333,-1,0.9,0.333333333,1,0.41385203
2016,1,-3,0.555555556,0.333333333,5.833333333,-3,0.555555556,0.333333333,1,0.030569866
2016,1,-3,0.9,0.444444444,1.083333333,-5.666666667,0.9,0.444444444,1,0.41385203
2017,1,-1,0.533333333,0.6,5.533333333,-1,0.533333333,0.6,1,-0.036689013
2017,1,-3,0.428571429,1,10,-3,0.428571429,1,1,-0.073028893
2017,1,-3,0.5,1,6.55,-3,0.5,1,1,0.020968162
2017,1,-11,0.615384615,1,4.384615385,-11,0.615384615,1,1,0.067467237
2017,1,-9,0.642857143,0.833333333,3.214285714,-9,0.642857143,0.833333333,1,0.025681714
2017,1,-11,0.677419355,1,2.838709677,-11,0.677419355,1,1,0.123693281
2017,1,-13,0.75,1,2.833333333,-13,0.75,1,1,0.239925337
2017,1,-5,0.428571429,0.6,7.285714286,-5,0.428571429,0.6,1,-0.181551426
2017,1,-5,0.538461538,0.75,3.846153846,-5,0.538461538,0.75,1,-0.041857131
2017,1,-15,0.823529412,1,1.176470588,-15,0.823529412,1,1,0.372491828
2017,1,-7,0.5625,1,4,-7,0.5625,1,1,-0.034392507
2017,1,-13,0.666666667,1,4.380952381,-13,0.666666667,1,1,0.150804039
2017,1,1,0.454545455,0.666666667,6.454545455,1,0.454545455,0.666666667,1,-0.072567465
2017,1,-15,0.764705882,1,1.911764706,-15,0.764705882,1,1,0.227847734
2017,1,-11,0.565217391,1,4.47826087,-11,0.565217391,1,1,0.026179947
2017,1,-5,0.466666667,1,5.8,-5,0.466666667,1,1,-0.151661836
2017,1,-15,0.808510638,1,1.638297872,-15,0.808510638,1,1,0.290867374
2017,1,1,0.5625,0.538461538,5.5625,-1.5,0.5625,0.538461538,1,0.048873255
2017,1,-15,0.9,0.857142857,1.083333333,-15,0.9,0.857142857,1,0.41385203
2017,1,-13,0.692307692,1,2.576923077,-13,0.692307692,1,1,0.123133891
2017,1,-3,0.375,1,8.125,-3,0.375,1,1,-0.184214898
2017,1,-9,0.722222222,1,3.361111111,-9,0.722222222,1,1,0.211663291
2017,1,-9,0.384615385,0.777777778,5.461538462,-9,0.384615385,0.777777778,1,-0.24857657
2017,1,-5,0.571428571,0.5,5.666666667,-5,0.571428571,0.5,1,0.102176052
2017,1,3,0.75,0.6,4.75,3,0.75,0.6,1,0.240316734
2017,1,7,0.375,0.625,11.25,7,0.375,0.625,1,-0.086526928
2017,1,-13,0.795918367,1,1.897959184,-13,0.795918367,1,1,0.28623835
2017,1,-1,0.555555556,0.642857143,5.833333333,-1,0.555555556,0.642857143,1,0.030569866
2017,1,-7,0.666666667,0.615384615,2.878787879,-7,0.666666667,0.615384615,1,0.101157977
2017,1,-7,0.677419355,1,3.129032258,-7,0.677419355,1,1,0.095717891
2017,1,-9,0.619047619,1,4.047619048,-9,0.619047619,1,1,0.055245931
2017,1,-11,0.666666667,1,5.555555556,-11,0.666666667,1,1,0.153088264
2017,1,-3,0.615384615,0.571428571,4.384615385,-3,0.615384615,0.571428571,1,0.067467237
2017,1,-3,0.677419355,0.533333333,2.838709677,-3,0.677419355,0.533333333,1,0.123693281
2017,1,-5,0.75,0.5,2.833333333,-5,0.75,0.5,1,0.239925337
2017,1,-8,0.823529412,0.545454545,1.176470588,-8,0.823529412,0.545454545,1,0.372491828
2017,1,1,0.5625,0.357142857,4,1,0.5625,0.357142857,1,-0.034392507
2017,1,-5,0.666666667,0.571428571,4.380952381,-5,0.666666667,0.571428571,1,0.150804039
2017,1,-7,0.764705882,0.466666667,1.911764706,-7,0.764705882,0.466666667,1,0.227847734
2017,1,-3,0.565217391,0.461538462,4.47826087,-3,0.565217391,0.461538462,1,0.026179947
2017,1,-8,0.808510638,0.4375,1.638297872,-6.666666667,0.808510638,0.4375,1,0.290867374
2017,1,-7,0.9,0.444444444,1.083333333,-5.666666667,0.9,0.444444444,1,0.41385203
2017,1,-1,0.722222222,0.333333333,3.361111111,1,0.722222222,0.333333333,1,0.211663291
2017,1,8,0.75,0.307692308,4.75,8,0.75,0.307692308,1,0.240316734
2017,1,8,0.375,0.615384615,11.25,4.5,0.375,0.615384615,1,-0.086526928
2017,1,-5,0.795918367,0.625,1.897959184,-5,0.795918367,0.625,1,0.28623835
2017,1,-1,0.619047619,0.322580645,4.047619048,-1,0.619047619,0.322580645,1,0.055245931
2017,1,-3,0.666666667,0.428571429,5.555555556,-3,0.666666667,0.428571429,1,0.153088264
2017,1,-3,0.808510638,0.277777778,1.638297872,-3.5,0.808510638,0.277777778,0.5,0.290867374
2017,1,-1,0.75,0.333333333,2.833333333,-1,0.75,0.333333333,1,0.239925337
2017,1,-4,0.823529412,0.4375,1.176470588,-4,0.823529412,0.4375,1,0.372491828
2017,1,-1,0.795918367,0.434782609,1.897959184,-1,0.795918367,0.434782609,1,0.28623835
2017,1,-3,0.9,0.380952381,1.083333333,-3.5,0.9,0.380952381,1,0.41385203
2017,1,1,0.615384615,0.333333333,4.384615385,1,0.615384615,0.333333333,0.5,0.067467237
2017,1,7,0.75,0.322580645,4.75,7,0.75,0.322580645,1,0.240316734
2017,1,-11,0.764705882,0.625,1.911764706,-11,0.764705882,0.625,1,0.227847734
2017,1,1,0.75,0.191489362,2.833333333,1,0.75,0.191489362,1,0.239925337
2017,1,1,0.795918367,0.176470588,1.897959184,2,0.795918367,0.176470588,0.5,0.28623835
2017,1,-9,0.9,0.25,1.083333333,-9,0.9,0.25,1,0.41385203
2017,1,-2,0.764705882,0.384615385,1.911764706,-1.333333333,0.764705882,0.384615385,1,0.227847734
2017,1,1,0.75,0.1,2.833333333,2.5,0.75,0.1,0.5,0.239925337
2017,1,-1,0.764705882,0.204081633,1.911764706,1,0.764705882,0.204081633,0.333333333,0.227847734
2017,1,-1,0.764705882,0.25,1.911764706,-1,0.764705882,0.25,1,0.227847734
2018,1,-13,0.808510638,1,1.638297872,-13,0.808510638,1,1,0.290867374
2018,1,-7,0.5,0.428571429,6.55,-5,0.5,0.428571429,1,0.020968162
2018,1,-15,0.722222222,1,3.361111111,-15,0.722222222,1,1,0.211663291
2018,1,-1,0.375,0.615384615,7.125,-1,0.375,0.615384615,1,-0.138607373
2018,1,-7,0.677419355,0.888888889,2.838709677,-7,0.677419355,0.888888889,1,0.123693281
2018,1,-3,0.5,1,7.5,-3,0.5,1,1,0.030381266
2018,1,3,0.333333333,0.666666667,9.333333333,3,0.333333333,0.666666667,1,-0.138888889
2018,1,-9,0.538461538,1,3.846153846,-9,0.538461538,1,1,-0.041857131
2018,1,-15,0.823529412,1,1.176470588,-15,0.823529412,1,1,0.372491828
2018,1,-13,0.75,1,4.75,-13,0.75,1,1,0.240316734
2018,1,-5,0.666666667,1,4.380952381,-5,0.666666667,1,1,0.150804039
2018,1,-13,0.764705882,1,1.911764706,-13,0.764705882,1,1,0.227847734
2018,1,-11,0.666666667,1,2.878787879,-11,0.666666667,1,1,0.101157977
2018,1,-9,0.677419355,1,3.129032258,-9,0.677419355,1,1,0.095717891
2018,1,1,0.333333333,0.75,9,1,0.333333333,0.75,1,-0.142156863
2018,1,3,0.333333333,0.4375,8.333333333,3,0.333333333,0.4375,1,-0.113153595
2018,1,-3,0.533333333,0.545454545,5.533333333,-3,0.533333333,0.545454545,1,-0.036689013
2018,1,5,0.5,0.6,11.16666667,5,0.5,0.6,1,0.082098416
2018,1,5,0.333333333,0.538461538,10.66666667,5,0.333333333,0.538461538,1,-0.12136953
2018,1,-15,0.9,1,1.083333333,-15,0.9,1,1,0.41385203
2018,1,5,0.428571429,0.473684211,10,5,0.428571429,0.473684211,1,-0.073028893
2018,1,-7,0.692307692,0.833333333,2.576923077,-7,0.692307692,0.833333333,1,0.123133891
2018,1,7,0.222222222,0.571428571,11,7,0.222222222,0.571428571,1,-0.263090877
2018,1,-11,0.615384615,0.75,4.384615385,-11,0.615384615,0.75,1,0.067467237
2018,1,-9,0.529411765,1,4.882352941,-9,0.529411765,1,1,-0.063737468
2018,1,-15,0.75,1,2.833333333,-15,0.75,1,1,0.239925337
2018,1,-11,0.5625,1,4,-11,0.5625,1,1,-0.034392507
2018,1,1,0.461538462,0.444444444,6.769230769,1,0.461538462,0.444444444,1,-0.065714408
2018,1,1,0.375,0.615384615,11.25,4.5,0.375,0.615384615,1,-0.086526928
2018,1,-9,0.795918367,0.5,1.897959184,-9.5,0.795918367,0.5,1,0.28623835
2018,1,-13,0.565217391,1,4.47826087,-13,0.565217391,1,1,0.026179947
2018,1,-11,0.619047619,1,4.047619048,-11,0.619047619,1,1,0.055245931
2018,1,-5,0.808510638,0.5,1.638297872,-4.5,0.808510638,0.5,1,0.290867374
2018,1,-7,0.722222222,0.625,3.361111111,-7,0.722222222,0.625,1,0.211663291
2018,1,-1,0.538461538,0.322580645,3.846153846,-1,0.538461538,0.322580645,1,-0.041857131
2018,1,-8,0.823529412,0.666666667,1.176470588,-8,0.823529412,0.666666667,1,0.372491828
2018,1,-8,0.75,0.666666667,4.75,-8,0.75,0.666666667,1,0.240316734
2018,1,3,0.666666667,0.333333333,4.380952381,3,0.666666667,0.333333333,1,0.150804039
2018,1,-8,0.764705882,0.666666667,1.911764706,-8,0.764705882,0.666666667,1,0.227847734
2018,1,-1,0.677419355,0.5,3.129032258,-2.5,0.677419355,0.5,1,0.095717891
2018,1,8,0.5,0.384615385,11.16666667,8,0.5,0.384615385,1,0.082098416
2018,1,8,0.333333333,0.4375,10.66666667,8,0.333333333,0.4375,1,-0.12136953
2018,1,-8,0.9,0.625,1.083333333,-8,0.9,0.625,1,0.41385203
2018,1,1,0.692307692,0.470588235,2.576923077,1,0.692307692,0.470588235,1,0.123133891
2018,1,-8,0.75,0.538461538,2.833333333,-8,0.75,0.538461538,1,0.239925337
2018,1,-8,0.795918367,0.777777778,1.897959184,-8,0.795918367,0.777777778,1,0.28623835
2018,1,-5,0.565217391,0.466666667,4.47826087,-5,0.565217391,0.466666667,1,0.026179947
2018,1,-8,0.619047619,0.571428571,4.047619048,-8,0.619047619,0.571428571,1,0.055245931
2018,1,-3,0.722222222,0.204081633,3.361111111,-1,0.722222222,0.204081633,0.5,0.211663291
2018,1,-3,0.75,0.461538462,2.833333333,-3,0.75,0.461538462,1,0.239925337
2018,1,4,0.666666667,0.191489362,4.380952381,2.5,0.666666667,0.191489362,1,0.150804039
2018,1,1,0.619047619,0.434782609,4.047619048,-0.333333333,0.619047619,0.434782609,0.333333333,0.055245931
2018,1,-4,0.9,0.307692308,1.083333333,-2.5,0.9,0.307692308,1,0.41385203
2018,1,-3,0.823529412,0.322580645,1.176470588,-2,0.823529412,0.322580645,0.666666667,0.372491828
2018,1,-9,0.75,0.666666667,4.75,-9,0.75,0.666666667,1,0.240316734
2018,1,-9,0.764705882,0.5,1.911764706,-9,0.764705882,0.5,1,0.227847734
2018,1,-5,0.722222222,0.333333333,3.361111111,-4,0.722222222,0.333333333,1,0.211663291
2018,1,-2,0.75,0.380952381,2.833333333,-2,0.75,0.380952381,1,0.239925337
2018,1,-1,0.9,0.235294118,1.083333333,-1,0.9,0.235294118,1,0.41385203
2018,1,-1,0.823529412,0.25,1.176470588,-1,0.823529412,0.25,1,0.372491828
2018,1,0,0.75,0.277777778,2.833333333,0,0.75,0.277777778,1,0.239925337
2018,1,0,0.823529412,0.1,1.176470588,0,0.823529412,0.1,0.571428571,0.372491828
2018,1,0,0.823529412,0.25,1.176470588,0,0.823529412,0.25,1,0.372491828
2019,1,-7,0.533333333,1,5.533333333,-7,0.533333333,1,1,-0.036689013
2019,1,3,0.5,0.75,11.16666667,3,0.5,0.75,1,0.082098416
2019,1,1,0.5,1,9,1,0.5,1,1,-0.125
2019,1,-13,0.9,1,1.083333333,-13,0.9,1,1,0.41385203
2019,1,-7,0.615384615,1,4.384615385,-7,0.615384615,1,1,0.067467237
2019,1,3,0.625,0.434782609,6.75,3,0.625,0.434782609,1,0.150827513
2019,1,-13,0.526315789,1,5.210526316,-13,0.526315789,1,1,0.029590364
2019,1,-15,0.722222222,1,3.361111111,-15,0.722222222,1,1,0.211663291
2019,1,-7,0.375,1,7.125,-7,0.375,1,1,-0.138607373
2019,1,-9,0.384615385,0.777777778,5.461538462,-9,0.384615385,0.777777778,1,-0.24857657
2019,1,-1,0.5,0.625,7.5,-1,0.5,0.625,1,0.030381266
2019,1,-15,0.75,1,2.833333333,-15,0.75,1,1,0.239925337
2019,1,-3,0.428571429,1,7.285714286,-3,0.428571429,1,1,-0.181551426
2019,1,-13,0.75,1,4.75,-13,0.75,1,1,0.240316734
2019,1,-9,0.764705882,0.833333333,1.911764706,-9,0.764705882,0.833333333,1,0.227847734
2019,1,-9,0.677419355,0.75,3.129032258,-9,0.677419355,0.75,1,0.095717891
2019,1,-15,0.808510638,1,1.638297872,-15,0.808510638,1,1,0.290867374
2019,1,-3,0.4,0.75,10.3,-3,0.4,0.75,1,-0.032694766
2019,1,-1,0.5625,0.466666667,5.5625,-1,0.5625,0.466666667,1,0.048873255
2019,1,-7,0.5,0.75,9.4,-7,0.5,0.75,1,0.00631095
2019,1,-11,0.357142857,1,6.071428571,-11,0.357142857,1,1,-0.210679863
2019,1,-5,0.642857143,0.888888889,3.214285714,-5,0.642857143,0.888888889,1,0.025681714
2019,1,-11,0.677419355,1,2.838709677,-11,0.677419355,1,1,0.123693281
2019,1,1,0.4,0.666666667,6.2,1,0.4,0.666666667,1,-0.191788601
2019,1,5,0.571428571,0.5,8.714285714,5,0.571428571,0.5,1,0.053771278
2019,1,-11,0.538461538,1,3.846153846,-11,0.538461538,1,1,-0.041857131
2019,1,-15,0.823529412,1,1.176470588,-15,0.823529412,1,1,0.372491828
2019,1,-9,0.666666667,1,4.380952381,-9,0.666666667,1,1,0.150804039
2019,1,-5,0.25,0.625,10.66666667,-5,0.25,0.625,1,-0.17716738
2019,1,-13,0.795918367,1,1.897959184,-14,0.795918367,1,1,0.28623835
2019,1,-11,0.555555556,1,5.833333333,-11,0.555555556,1,1,0.030569866
2019,1,-5,0.619047619,0.333333333,4.047619048,-5,0.619047619,0.333333333,1,0.055245931
2019,1,1,0.533333333,0.615384615,5.533333333,1,0.533333333,0.615384615,1,-0.036689013
2019,1,-8,0.9,0.5,1.083333333,-8,0.9,0.5,1,0.41385203
2019,1,-5,0.526315789,0.571428571,5.210526316,-5,0.526315789,0.571428571,1,0.029590364
2019,1,-7,0.722222222,0.5,3.361111111,-7,0.722222222,0.5,1,0.211663291
2019,1,-8,0.75,0.5,2.833333333,-8,0.75,0.5,1,0.239925337
2019,1,-8,0.75,0.375,4.75,-8,0.75,0.375,1,0.240316734
2019,1,-1,0.764705882,0.384615385,1.911764706,-1.333333333,0.764705882,0.384615385,1,0.227847734
2019,1,-1,0.677419355,0.625,3.129032258,-1,0.677419355,0.625,1,0.095717891
2019,1,-7,0.808510638,0.4375,1.638297872,-6.666666667,0.808510638,0.4375,1,0.290867374
2019,1,8,0.571428571,0.642857143,8.714285714,8,0.571428571,0.642857143,1,0.053771278
2019,1,-3,0.538461538,0.357142857,3.846153846,-3,0.538461538,0.357142857,1,-0.041857131
2019,1,-8,0.823529412,0.6,1.176470588,-8,0.823529412,0.6,1,0.372491828
2019,1,-1,0.666666667,0.5,4.380952381,-4.5,0.666666667,0.5,0.5,0.150804039
2019,1,3,0.25,0.444444444,10.66666667,2,0.25,0.444444444,0.5,-0.17716738
2019,1,-5,0.795918367,0.6,1.897959184,-5,0.795918367,0.6,1,0.28623835
2019,1,3,0.619047619,0.322580645,4.047619048,3,0.619047619,0.322580645,1,0.055245931
2019,1,-4,0.9,0.380952381,1.083333333,-3.5,0.9,0.380952381,1,0.41385203
2019,1,-3,0.722222222,0.333333333,3.361111111,-4,0.722222222,0.333333333,1,0.211663291
2019,1,-4,0.75,0.466666667,2.833333333,-4,0.75,0.466666667,1,0.239925337
2019,1,-4,0.75,0.75,4.75,-4,0.75,0.75,1,0.240316734
2019,1,-3,0.808510638,0.235294118,1.638297872,-3,0.808510638,0.235294118,1,0.290867374
2019,1,-1,0.526315789,0.461538462,5.210526316,-1,0.526315789,0.461538462,1,0.029590364
2019,1,-3,0.823529412,0.322580645,1.176470588,-2,0.823529412,0.322580645,0.666666667,0.372491828
2019,1,-9,0.795918367,0.428571429,1.897959184,-6.5,0.795918367,0.428571429,1,0.28623835
2019,1,1,0.9,0.277777778,1.083333333,-1.5,0.9,0.277777778,1,0.41385203
2019,1,1,0.75,0.25,4.75,1,0.75,0.25,1,0.240316734
2019,1,-1,0.808510638,0.473684211,1.638297872,-1,0.808510638,0.473684211,1,0.290867374
2019,1,-1,0.823529412,0.204081633,1.176470588,-2,0.823529412,0.204081633,0.5,0.372491828
2019,1,-1,0.808510638,0.25,1.638297872,-1,0.808510638,0.25,1,0.290867374
2019,1,-1,0.823529412,0.1,1.176470588,0,0.823529412,0.1,0.571428571,0.372491828
2019,1,0,0.808510638,0.176470588,1.638297872,0.5,0.808510638,0.176470588,0.5,0.290867374
2021,1,-13,0.808510638,1,1.638297872,-13,0.808510638,1,1,0.290867374
2021,1,-15,0.9,1,1.083333333,-15,0.9,1,1,0.41385203
2021,1,-7,0.5,1,5.3,-7,0.5,1,1,-0.111464978
2021,1,-7,0.526315789,0.666666667,5.210526316,-7,0.526315789,0.666666667,1,0.029590364
2021,1,-9,0.642857143,1,3.214285714,-9,0.642857143,1,1,0.025681714
2021,1,-5,0.5,0.777777778,7.5,-5,0.5,0.777777778,1,0.030381266
2021,1,-15,0.538461538,1,3.846153846,-15,0.538461538,1,1,-0.041857131
2021,1,-1,0.461538462,1,6.769230769,-1,0.461538462,1,1,-0.065714408
2021,1,-1,0.666666667,0.384615385,4.380952381,-1,0.666666667,0.384615385,0.5,0.150804039
2021,1,-15,0.764705882,1,1.911764706,-15,0.764705882,1,1,0.227847734
2021,1,-1,0.4,1,7.7,-1,0.4,1,1,-0.216765873
2021,1,-15,0.795918367,1,1.897959184,-15,0.795918367,1,1,0.28623835
2021,1,-1,0.555555556,0.75,5.833333333,-2,0.555555556,0.75,0.5,0.030569866
2021,1,-11,0.666666667,1,2.878787879,-11,0.666666667,1,1,0.101157977
2021,1,-3,0.5,0.625,7,-3,0.5,0.625,1,0.091755319
2021,1,-9,0.466666667,1,5.8,-9,0.466666667,1,1,-0.151661836
2021,1,-3,0.5,0.466666667,7,-3,0.5,0.466666667,1,0.105376344
2021,1,-11,0.833333333,1,3,-11,0.833333333,1,1,0.399722954
2021,1,7,0.166666667,0.5,12.5,7,0.166666667,0.5,1,-0.229188214
2021,1,5,0.4,0.75,10.3,5,0.4,0.75,1,-0.032694766
2021,1,-11,0.529411765,1,4.882352941,-11,0.529411765,1,1,-0.063737468
2021,1,-9,0.625,1,6.75,-9,0.625,1,1,0.150827513
2021,1,-3,0.357142857,0.6,6.071428571,-3,0.357142857,0.6,1,-0.210679863
2021,1,-13,0.722222222,0.75,3.361111111,-13,0.722222222,0.75,1,0.211663291
2021,1,-13,0.677419355,1,2.838709677,-13,0.677419355,1,1,0.123693281
2021,1,-7,0.571428571,1,8.714285714,-7,0.571428571,1,1,0.053771278
2021,1,-3,0.333333333,1,7,-3,0.333333333,1,1,-0.292592593
2021,1,-5,0.75,1,4.75,-5,0.75,1,1,0.240316734
2021,1,-5,0.565217391,1,4.47826087,-5,0.565217391,1,1,0.026179947
2021,1,-13,0.677419355,1,3.129032258,-13,0.677419355,1,1,0.095717891
2021,1,-11,0.619047619,1,4.047619048,-11,0.619047619,1,1,0.055245931
2021,1,9,0.25,0.6,13.25,9,0.25,0.6,1,-0.177073733
2021,1,-5,0.808510638,0.5,1.638297872,-5,0.808510638,0.5,1,0.290867374
2021,1,-7,0.9,0.444444444,1.083333333,-5.666666667,0.9,0.444444444,1,0.41385203
2021,1,1,0.5,0.533333333,5.3,1,0.5,0.533333333,1,-0.111464978
2021,1,1,0.526315789,0.357142857,5.210526316,1,0.526315789,0.357142857,1,0.029590364
2021,1,3,0.5,0.333333333,7.5,3,0.5,0.333333333,1,0.030381266
2021,1,-7,0.538461538,0.6,3.846153846,-7,0.538461538,0.6,1,-0.041857131
2021,1,-7,0.764705882,0.333333333,1.911764706,-7.5,0.764705882,0.333333333,1,0.227847734
2021,1,-7,0.795918367,0.538461538,1.897959184,-7,0.795918367,0.538461538,1,0.28623835
2021,1,-8,0.833333333,0.6,3,-8,0.833333333,0.6,1,0.399722954
2021,1,-8,0.625,0.833333333,6.75,-8,0.625,0.833333333,1,0.150827513
2021,1,-5,0.722222222,0.666666667,3.361111111,-5,0.722222222,0.666666667,1,0.211663291
2021,1,-5,0.677419355,0.5,2.838709677,-5,0.677419355,0.5,1,0.123693281
2021,1,-8,0.571428571,0.75,8.714285714,-8,0.571428571,0.75,1,0.053771278
2021,1,3,0.75,0.470588235,4.75,3,0.75,0.470588235,1,0.240316734
2021,1,3,0.565217391,0.380952381,4.47826087,0.333333333,0.565217391,0.380952381,0.666666667,0.026179947
2021,1,-5,0.677419355,0.642857143,3.129032258,-5,0.677419355,0.642857143,1,0.095717891
2021,1,1,0.833333333,0.322580645,3,1,0.833333333,0.322580645,1,0.399722954
2021,1,-4,0.808510638,0.5,1.638297872,-4.5,0.808510638,0.5,1,0.290867374
2021,1,-4,0.9,0.473684211,1.083333333,-4,0.9,0.473684211,1,0.41385203
2021,1,3,0.625,0.461538462,6.75,3,0.625,0.461538462,1,0.150827513
2021,1,-4,0.722222222,0.25,3.361111111,-4,0.722222222,0.25,1,0.211663291
2021,1,-4,0.764705882,0.5,1.911764706,-4,0.764705882,0.5,1,0.227847734
2021,1,-4,0.795918367,0.428571429,1.897959184,-6.5,0.795918367,0.428571429,1,0.28623835
2021,1,4,0.565217391,0.322580645,4.47826087,2.5,0.565217391,0.322580645,0.5,0.026179947
2021,1,-1,0.833333333,0.375,3,-1,0.833333333,0.375,1,0.399722954
2021,1,-1,0.9,0.191489362,1.083333333,-2,0.9,0.191489362,1,0.41385203
2021,1,-5,0.764705882,0.434782609,1.911764706,-5,0.764705882,0.434782609,1,0.227847734
2021,1,-1,0.795918367,0.277777778,1.897959184,1,0.795918367,0.277777778,0.5,0.28623835
2021,1,2,0.833333333,0.1,3,2,0.833333333,0.1,1,0.399722954
2021,1,0,0.795918367,0.235294118,1.897959184,-1,0.795918367,0.235294118,0.666666667,0.28623835
2021,1,-2,0.795918367,0.166666667,1.897959184,-2,0.795918367,0.166666667,1,0.28623835
2010,0,9,0,0.191489362,13,9,0,0.191489362,0,-0.4139364
2010,0,1,0,0.615384615,9,1,0,0.615384615,0,-0.615384615
2010,0,13,0,0.307692308,14.33333333,13,0,0.307692308,0,-0.347383569
2010,0,11,0,0.384615385,12,11,0,0.384615385,0,-0.567307692
2010,0,7,0.25,0.428571429,12,7,0.25,0.428571429,0,-0.200146388
2010,0,7,0,0.470588235,12,7,0,0.470588235,0,-0.360294118
2010,0,3,0.533333333,0.5,5.2,3,0.533333333,0.5,0,0.002130852
2010,0,1,0.25,0.473684211,7.25,1,0.25,0.473684211,0,-0.312033107
2010,0,9,0,0.357142857,13.8,9,0,0.357142857,0,-0.375813598
2010,0,3,0,0.538461538,13,3,0,0.538461538,0,-0.319230769
2010,0,7,0,0.6,12,7,0,0.6,0,-0.55
2010,0,9,0,0.538461538,11.16666667,9,0,0.538461538,0,-0.426023051
2010,0,5,0.111111111,0.545454545,10.11111111,5,0.111111111,0.545454545,0,-0.353993945
2010,0,15,0,0.204081633,16,15,0,0.204081633,0,-0.204081633
2010,0,15,0,0.333333333,16,15,0,0.333333333,0,-0.333333333
2010,0,13,0,0.322580645,15,13,0,0.322580645,0,-0.286290323
2010,0,-5,0.5,0.75,5.3,-5,0.5,0.75,0,-0.111464978
2010,0,15,0,0.1,16,15,0,0.1,0,-0.175
2010,0,9,0,0.642857143,13,9,0,0.642857143,0,-0.588095238
2010,0,3,0,0.25,11,3,0,0.25,0,-0.382092581
2010,0,15,0,0.545454545,13,15,0,0.545454545,0,-0.548484848
2010,0,13,0,0.176470588,15,13,0,0.176470588,0,-0.176470588
2010,0,13,0,0.4375,14.66666667,13,0,0.4375,0,-0.286693548
2010,0,11,0.25,0.428571429,10.66666667,11,0.25,0.428571429,0,-0.17716738
2010,0,-5,0.565217391,0.5,4.47826087,-5,0.565217391,0.5,0,0.026179947
2010,0,1,0.166666667,0.6,10.83333333,1,0.166666667,0.6,0,-0.298108679
2010,0,1,0.538461538,0.380952381,3.846153846,1,0.538461538,0.380952381,0,-0.041857131
2010,0,5,0.5,0.625,6.55,5,0.5,0.625,0,0.020968162
2010,0,-3,0,0.5,7,-3,0,0.5,0,-0.5
2010,0,11,0,0.533333333,14,11,0,0.533333333,0,-0.533333333
2010,0,-7,0.333333333,0.666666667,8.333333333,-7,0.333333333,0.666666667,0,-0.113153595
2010,0,11,0,0.333333333,14,11,0,0.333333333,0,-0.333333333
2010,0,1,0.571428571,0.191489362,5,1,0.571428571,0.191489362,0,0.035291586
2010,0,5,0.461538462,0.307692308,6.769230769,5,0.461538462,0.307692308,0,-0.055933596
2010,0,3,0.454545455,0.384615385,6.636363636,3,0.454545455,0.384615385,0,-0.134908742
2010,0,-1,0.461538462,0.470588235,6.769230769,-1,0.461538462,0.470588235,0,-0.065714408
2010,0,-5,0.677419355,0.5,3.129032258,-5,0.677419355,0.5,0,0.095717891
2010,0,1,0.4,0.357142857,6.2,1,0.4,0.357142857,0,-0.191788601
2010,0,7,0.526315789,0.204081633,5.210526316,7,0.526315789,0.204081633,0,0.029590364
2010,0,7,0.384615385,0.333333333,8.230769231,7,0.384615385,0.333333333,0,-0.090157065
2010,0,7,0.4,0.1,8.6,7,0.4,0.1,0,0.034705882
2010,0,8,0.333333333,0.642857143,8.166666667,2.5,0.333333333,0.642857143,0.5,-0.235318179
2010,0,-5,0.5625,0.25,4,-5,0.5625,0.25,0,-0.034392507
2010,0,7,0.619047619,0.545454545,4.047619048,7,0.619047619,0.545454545,0,0.055245931
2010,0,8,0.5,0.176470588,10,8,0.5,0.176470588,0,-0.088235294
2010,0,8,0.25,0.428571429,12,8,0.25,0.428571429,0,-0.208637599
2010,0,-8,0.466666667,0.5,5.8,-8,0.466666667,0.5,0,-0.151661836
2010,0,3,0.375,0.333333333,7.5,3,0.375,0.333333333,0,-0.081517094
2010,0,-3,0.666666667,0.191489362,2.878787879,-1,0.666666667,0.191489362,0,0.101157977
2010,0,9,0.5,0.307692308,11.25,9,0.5,0.307692308,0,0.046432553
2010,0,4,0.529411765,0.204081633,4.882352941,3.5,0.529411765,0.204081633,0.5,-0.063737468
2010,0,4,0.5,0.333333333,9.4,4,0.5,0.333333333,0,0.00631095
2010,0,3,0.357142857,0.1,6.071428571,3,0.357142857,0.1,0,-0.210679863
2010,0,4,0.75,0.384615385,2.833333333,4,0.75,0.384615385,0,0.239925337
2010,0,-3,0.454545455,0.357142857,4.909090909,-3,0.454545455,0.357142857,0,-0.110255694
2010,0,-1,0.823529412,0.428571429,1.176470588,-2.5,0.823529412,0.428571429,0.5,0.372491828
2010,0,-2,0.692307692,0.191489362,2.576923077,-2,0.692307692,0.191489362,0,0.123133891
2010,0,2,0.666666667,0.204081633,2.666666667,2,0.666666667,0.204081633,0,0.107190098
2010,0,2,0.615384615,0.1,4.384615385,2,0.615384615,0.1,0,0.067467237
2010,0,1,0.642857143,0.428571429,3.214285714,-1,0.642857143,0.428571429,0.5,0.025681714
2010,0,3,0.808510638,0.1,1.638297872,2,0.808510638,0.1,0,0.290867374
2010,0,2,0.571428571,0.204081633,5.666666667,1.5,0.571428571,0.204081633,0,0.102176052
2010,0,0,0.795918367,0.1,1.897959184,0.5,0.795918367,0.1,0,0.28623835
2011,0,11,0,0.5,14.66666667,11,0,0.5,0,-0.393241167
2011,0,13,0,0.307692308,14.75,13,0,0.307692308,0,-0.321040724
2011,0,7,0,0.5,12,7,0,0.5,0,-0.55
2011,0,-5,0.526315789,0.5,5.210526316,-5,0.526315789,0.5,0,0.029590364
2011,0,9,0,0.357142857,14.33333333,9,0,0.357142857,0,-0.347383569
2011,0,-3,0.357142857,0.75,6.071428571,-3,0.357142857,0.75,0,-0.210679863
2011,0,1,0.565217391,0.625,4.47826087,1,0.565217391,0.625,0,0.026179947
2011,0,7,0,0.466666667,13,7,0,0.466666667,0,-0.4139364
2011,0,13,0,0.176470588,15,13,0,0.176470588,0,-0.176470588
2011,0,9,0,0.4375,11.66666667,9,0,0.4375,0,-0.523611111
2011,0,5,0.384615385,0.4,8.230769231,5,0.384615385,0.4,0,-0.090157065
2011,0,-1,0,0.545454545,7.5,-1,0,0.545454545,0,-0.572727273
2011,0,15,0,0.204081633,14.33333333,14,0,0.204081633,0,-0.278911565
2011,0,-3,0.533333333,0.6,5.533333333,-3,0.533333333,0.6,0,-0.036689013
2011,0,15,0,0.333333333,15,15,0,0.333333333,0,-0.357142857
2011,0,11,0,0.380952381,14.33333333,11,0,0.380952381,0,-0.342670401
2011,0,15,0,0.191489362,16,15,0,0.191489362,0,-0.145744681
2011,0,15,0,0.1,13,15,0,0.1,0,-0.319230769
2011,0,11,0,0.384615385,14.5,11,0,0.384615385,0,-0.346153846
2011,0,7,0.111111111,0.428571429,10.11111111,7,0.111111111,0.428571429,0,-0.353993945
2011,0,5,0,0.470588235,11,5,0,0.470588235,0,-0.382092581
2011,0,3,0.375,0.277777778,7.5,3,0.375,0.277777778,0,-0.081517094
2011,0,9,0,0.322580645,14.66666667,9,0,0.322580645,0,-0.286693548
2011,0,11,0,0.615384615,14,11,0,0.615384615,0,-0.615384615
2011,0,9,0,0.6,13,9,0,0.6,0,-0.548484848
2011,0,5,0.166666667,0.428571429,10.83333333,5,0.166666667,0.428571429,0,-0.298108679
2011,0,-1,0.375,0.545454545,8.125,-1,0.375,0.545454545,0,-0.184214898
2011,0,3,0,0.75,12,3,0,0.75,0,-0.567307692
2011,0,13,0,0.322580645,15,13,0,0.322580645,0,-0.339861751
2011,0,-1,0,0.533333333,8,-1,0,0.533333333,0,-0.533333333
2011,0,7,0.25,0.666666667,12,7,0.25,0.666666667,0,-0.208637599
2011,0,13,0.25,0.333333333,10.66666667,13,0.25,0.333333333,0,-0.17716738
2011,0,3,0.6,0.5,3.9,3,0.6,0.5,0,-0.009638932
2011,0,8,0.25,0.307692308,12,8,0.25,0.307692308,0,-0.200146388
2011,0,-8,0.619047619,0.5,4.047619048,-8,0.619047619,0.5,0,0.055245931
2011,0,-1,0.642857143,0.466666667,3.214285714,-1,0.642857143,0.466666667,0,0.025681714
2011,0,8,0.4,0.176470588,8.6,8,0.4,0.176470588,0,0.034705882
2011,0,1,0.5,0.4375,5.3,1,0.5,0.4375,0,-0.111464978
2011,0,8,0.454545455,0.204081633,6.636363636,8,0.454545455,0.204081633,0,-0.134908742
2011,0,7,0.375,0.333333333,7.125,7,0.375,0.333333333,0,-0.138607373
2011,0,8,0.466666667,0.191489362,5.8,8,0.466666667,0.191489362,0,-0.151661836
2011,0,8,0.454545455,0.1,6.454545455,8,0.454545455,0.1,0,-0.072567465
2011,0,-1,0.677419355,0.428571429,2.838709677,-1,0.677419355,0.428571429,0,0.123693281
2011,0,-3,0.615384615,0.470588235,4.384615385,-3,0.615384615,0.470588235,0,0.067467237
2011,0,-5,0.666666667,0.277777778,2.666666667,-5,0.666666667,0.277777778,0,0.107190098
2011,0,-3,0.384615385,0.428571429,5.461538462,-3,0.384615385,0.428571429,0,-0.24857657
2011,0,5,0.25,0.322580645,7.25,5,0.25,0.322580645,0,-0.312033107
2011,0,-1,0.4,0.666666667,6.2,-1,0.4,0.666666667,0,-0.191788601
2011,0,-4,0.722222222,0.5,3.361111111,-4,0.722222222,0.5,0,0.211663291
2011,0,4,0.571428571,0.176470588,5.666666667,2.5,0.571428571,0.176470588,0.5,0.102176052
2011,0,4,0.533333333,0.204081633,5.2,3,0.533333333,0.204081633,0,0.002130852
2011,0,3,0.5625,0.333333333,4,-0.5,0.5625,0.333333333,0,-0.034392507
2011,0,4,0.333333333,0.191489362,8.166666667,4,0.333333333,0.191489362,0,-0.235318179
2011,0,4,0.571428571,0.1,5,4,0.571428571,0.1,0,0.035291586
2011,0,1,0.5,0.307692308,6.55,3,0.5,0.307692308,0.5,0.020968162
2011,0,4,0.529411765,0.322580645,4.882352941,4,0.529411765,0.322580645,0,-0.063737468
2011,0,-1,0.666666667,0.176470588,2.878787879,-1,0.666666667,0.176470588,0,0.101157977
2011,0,10,0.5,0.204081633,9.4,9.5,0.5,0.204081633,0,0.00631095
2011,0,1,0.692307692,0.1,2.576923077,2.5,0.692307692,0.1,0,0.123133891
2011,0,-1,0.808510638,0.322580645,1.638297872,-1,0.808510638,0.322580645,0,0.290867374
2011,0,-1,0.9,0.176470588,1.083333333,0,0.9,0.176470588,0.428571429,0.41385203
2011,0,-1,0.795918367,0.322580645,1.897959184,-1,0.795918367,0.322580645,0,0.28623835
2011,0,0,0.823529412,0.322580645,1.176470588,-2,0.823529412,0.322580645,0.666666667,0.372491828
2012,0,5,0.384615385,0.6,8.230769231,5,0.384615385,0.6,0,-0.090157065
2012,0,15,0,0.1,16,15,0,0.1,0,-0.145744681
2012,0,3,0.4,0.5,10.3,3,0.4,0.5,0,-0.032694766
2012,0,-5,0.25,0.5,7.25,-5,0.25,0.5,0,-0.312033107
2012,0,1,0.111111111,0.625,10.11111111,1,0.111111111,0.625,0,-0.353993945
2012,0,13,0,0.357142857,15,13,0,0.357142857,0,-0.339861751
2012,0,3,0.4,0.277777778,6.2,3,0.4,0.277777778,0,-0.191788601
2012,0,13,0,0.322580645,14.66666667,13,0,0.322580645,0,-0.393241167
2012,0,11,0,0.615384615,13.5,11,0,0.615384615,0,-0.486263736
2012,0,9,0.25,0.545454545,10.66666667,9,0.25,0.545454545,0,-0.17716738
2012,0,7,0,0.235294118,12,7,0,0.235294118,0,-0.235294118
2012,0,15,0,0.204081633,14.33333333,15,0,0.204081633,0,-0.347383569
2012,0,13,0,0.333333333,14.75,13,0,0.333333333,0,-0.321040724
2012,0,11,0.142857143,0.322580645,13.71428571,11,0.142857143,0.322580645,0,-0.253531057
2012,0,1,0.565217391,0.533333333,4.47826087,1,0.565217391,0.533333333,0,0.026179947
2012,0,3,0.357142857,0.666666667,6.071428571,-2.5,0.357142857,0.666666667,0.5,-0.210679863
2012,0,15,0,0.191489362,16,15,0,0.191489362,0,-0.191489362
2012,0,1,0.526315789,0.4375,5.210526316,1,0.526315789,0.4375,0,0.029590364
2012,0,11,0.25,0.4,12,11,0.25,0.4,0,-0.208637599
2012,0,13,0,0.307692308,14.5,13,0,0.307692308,0,-0.346153846
2012,0,-1,0.5625,0.6,4,-1,0.5625,0.6,0,-0.034392507
2012,0,7,0,0.428571429,13,7,0,0.428571429,0,-0.4139364
2012,0,9,0,0.5,13,9,0,0.5,0,-0.5
2012,0,-5,0.454545455,0.333333333,4.909090909,-5,0.454545455,0.333333333,0,-0.110255694
2012,0,7,0.5,0.538461538,11.25,7,0.5,0.538461538,0,0.046432553
2012,0,-9,0.529411765,0.75,4.882352941,-9,0.529411765,0.75,0,-0.063737468
2012,0,15,0,0.176470588,13.8,15,0,0.176470588,0,-0.375813598
2012,0,5,0.5,0.428571429,7.5,5,0.5,0.428571429,0,0.030381266
2012,0,9,0,0.4,13,9,0,0.4,0,-0.4
2012,0,7,0.222222222,0.4,11,7,0.222222222,0.4,0,-0.263090877
2012,0,11,0.428571429,0.545454545,10,11,0.428571429,0.545454545,0,-0.073028893
2012,0,3,0,0.625,11,3,0,0.625,0,-0.382092581
2012,0,7,0.375,0.1,8.125,7,0.375,0.1,0,-0.184214898
2012,0,-8,0.384615385,0.5,5.461538462,-8,0.384615385,0.5,0,-0.24857657
2012,0,5,0.333333333,0.357142857,8.166666667,5,0.333333333,0.357142857,0,-0.235318179
2012,0,5,0.722222222,0.322580645,3.361111111,2,0.722222222,0.322580645,0,0.211663291
2012,0,-1,0.454545455,0.235294118,6.454545455,-1,0.454545455,0.235294118,0,-0.072567465
2012,0,7,0.466666667,0.204081633,5.8,7,0.466666667,0.204081633,0,-0.151661836
2012,0,5,0.5,0.333333333,6.55,5,0.5,0.333333333,0,0.020968162
2012,0,3,0.4,0.322580645,7.2,3,0.4,0.322580645,0,-0.109224258
2012,0,8,0.4,0.191489362,9,8,0.4,0.191489362,0,-0.100303367
2012,0,5,0.375,0.307692308,7.5,5,0.375,0.307692308,0,-0.081517094
2012,0,1,0.571428571,0.5,5,1,0.571428571,0.5,0,0.035291586
2012,0,-8,0.6,0.333333333,4.8,-8,0.6,0.333333333,0,0.111904762
2012,0,7,0.5625,0.176470588,5.5625,7,0.5625,0.176470588,0,0.048873255
2012,0,1,0.461538462,0.4,6.769230769,2,0.461538462,0.4,0.5,-0.055933596
2012,0,8,0.25,0.4,12,8,0.25,0.4,0,-0.200146388
2012,0,3,0.571428571,0.545454545,5.666666667,3,0.571428571,0.545454545,0,0.102176052
2012,0,3,0.5,0.191489362,5.3,3,0.5,0.191489362,0,-0.111464978
2012,0,1,0.454545455,0.307692308,6.636363636,1,0.454545455,0.307692308,0,-0.134908742
2012,0,4,0.764705882,0.204081633,1.911764706,1,0.764705882,0.204081633,0.333333333,0.227847734
2012,0,9,0.666666667,0.333333333,11.5,9,0.666666667,0.333333333,0,0.218241236
2012,0,3,0.6,0.1,3.9,3,0.6,0.1,0,-0.009638932
2012,0,9,0.5,0.357142857,9.4,9,0.5,0.357142857,0,0.00631095
2012,0,1,0.677419355,0.322580645,3.129032258,1,0.677419355,0.322580645,0,0.095717891
2012,0,4,0.6,0.176470588,7,4,0.6,0.176470588,0,0.084791352
2012,0,1,0.666666667,0.191489362,2.878787879,-1,0.666666667,0.191489362,0,0.101157977
2012,0,1,0.692307692,0.204081633,2.576923077,1,0.692307692,0.204081633,0,0.123133891
2012,0,1,0.642857143,0.1,3.214285714,1,0.642857143,0.1,0,0.025681714
2012,0,1,0.677419355,0.176470588,2.838709677,2,0.677419355,0.176470588,0,0.123693281
2012,0,0,0.795918367,0.191489362,1.897959184,0,0.795918367,0.191489362,0,0.28623835
2012,0,0,0.9,0.176470588,1.083333333,0,0.9,0.176470588,0.428571429,0.41385203
2012,0,0,0.823529412,0.191489362,1.176470588,-0.5,0.823529412,0.191489362,0.5,0.372491828
2013,0,13,0,0.4375,13,13,0,0.4375,0,-0.4139364
2013,0,15,0,0.1,15.33333333,15,0,0.1,0,-0.189755713
2013,0,-3,0.555555556,0.571428571,5.833333333,-3,0.555555556,0.571428571,0,0.030569866
2013,0,9,0,0.470588235,14.33333333,9,0,0.470588235,0,-0.342670401
2013,0,7,0.5,0.642857143,9.4,7,0.5,0.642857143,0,0.00631095
2013,0,-7,0,0.333333333,5,-7,0,0.333333333,0,-0.333333333
2013,0,9,0.375,0.322580645,11.25,9,0.375,0.322580645,0,-0.086526928
2013,0,7,0.25,0.6,12,7,0.25,0.6,0,-0.200146388
2013,0,5,0,0.545454545,11.16666667,5,0,0.545454545,0,-0.426023051
2013,0,5,0.333333333,0.428571429,10.66666667,5,0.333333333,0.428571429,0,-0.12136953
2013,0,9,0.25,0.235294118,10.66666667,9,0.25,0.235294118,0,-0.17716738
2013,0,-3,0,0.6,7.5,-3,0,0.6,0,-0.572727273
2013,0,13,0,0.333333333,15,13,0,0.333333333,0,-0.333333333
2013,0,11,0,0.322580645,13.66666667,11,0,0.322580645,0,-0.386693548
2013,0,11,0,0.380952381,15,11,0,0.380952381,0,-0.357142857
2013,0,1,0.333333333,0.625,9,1,0.333333333,0.625,0,-0.065196078
2013,0,15,0,0.191489362,16,15,0,0.191489362,0,-0.145744681
2013,0,3,0.454545455,0.615384615,6.636363636,3,0.454545455,0.615384615,0,-0.134908742
2013,0,5,0.466666667,0.4,5.8,5,0.466666667,0.4,0,-0.151661836
2013,0,13,0,0.307692308,14.33333333,13,0,0.307692308,0,-0.347383569
2013,0,1,0.111111111,0.384615385,10.11111111,1,0.111111111,0.384615385,0,-0.353993945
2013,0,-1,0.384615385,0.473684211,5.461538462,3.5,0.384615385,0.473684211,0,-0.24857657
2013,0,13,0,0.357142857,14.66666667,13,0,0.357142857,0,-0.393241167
2013,0,7,0,0.277777778,11,7,0,0.277777778,0,-0.382092581
2013,0,5,0.333333333,0.538461538,8.166666667,5,0.333333333,0.538461538,0,-0.235318179
2013,0,1,0.333333333,0.5,9,1,0.333333333,0.5,0,-0.142156863
2013,0,11,0.142857143,0.466666667,13.71428571,11,0.142857143,0.466666667,0,-0.253531057
2013,0,15,0,0.176470588,14.75,15,0,0.176470588,0,-0.321040724
2013,0,3,0.5,0.538461538,6.55,3,0.5,0.538461538,0,0.020968162
2013,0,11,0,0.4,14,11,0,0.4,0,-0.4
2013,0,9,0,0.545454545,13.8,9,0,0.545454545,0,-0.375813598
2013,0,15,0,0.204081633,16,15,0,0.204081633,0,-0.204081633
2013,0,8,0.4,0.4375,7.7,8,0.4,0.4375,0,-0.216765873
2013,0,7,0.375,0.1,7.5,7,0.375,0.1,0,-0.081517094
2013,0,1,0.357142857,0.470588235,6.071428571,1,0.357142857,0.470588235,0,-0.210679863
2013,0,-8,0.764705882,0.333333333,1.911764706,-8,0.764705882,0.333333333,0,0.227847734
2013,0,1,0.4,0.322580645,6.2,1,0.4,0.322580645,0,-0.191788601
2013,0,-3,0.677419355,0.545454545,3.129032258,-3,0.677419355,0.545454545,0,0.095717891
2013,0,-3,0.619047619,0.428571429,4.047619048,-3,0.619047619,0.428571429,0,0.055245931
2013,0,8,0.428571429,0.333333333,10,8,0.428571429,0.333333333,0,-0.073028893
2013,0,7,0.615384615,0.191489362,4.384615385,5.5,0.615384615,0.191489362,0,0.067467237
2013,0,-3,0.533333333,0.4,5.2,-3,0.533333333,0.4,0,0.002130852
2013,0,5,0.461538462,0.307692308,6.769230769,5,0.461538462,0.307692308,0,-0.065714408
2013,0,5,0.384615385,0.357142857,8.230769231,5,0.384615385,0.357142857,0.5,-0.090157065
2013,0,-1,0.454545455,0.277777778,6.454545455,-1,0.454545455,0.277777778,0,-0.072567465
2013,0,-3,0.6,0.538461538,3.9,-2,0.6,0.538461538,0.5,-0.009638932
2013,0,8,0.526315789,0.176470588,5.210526316,8,0.526315789,0.176470588,0,0.029590364
2013,0,7,0.5,0.204081633,7.5,7,0.5,0.204081633,0,0.030381266
2013,0,4,0.461538462,0.4375,6.769230769,1.5,0.461538462,0.4375,0,-0.055933596
2013,0,3,0.677419355,0.1,2.838709677,1.5,0.677419355,0.1,0,0.123693281
2013,0,-3,0.795918367,0.470588235,1.897959184,-3.5,0.795918367,0.470588235,0.5,0.28623835
2013,0,4,0.6,0.357142857,4.8,4,0.6,0.357142857,0,0.111904762
2013,0,4,0.454545455,0.307692308,4.909090909,4,0.454545455,0.307692308,0,-0.110255694
2013,0,-4,0.808510638,0.277777778,1.638297872,-3.5,0.808510638,0.277777778,0.5,0.290867374
2013,0,11,0.666666667,0.176470588,11.5,11,0.666666667,0.176470588,0,0.218241236
2013,0,4,0.571428571,0.333333333,5.666666667,4,0.571428571,0.333333333,0,0.102176052
2013,0,2,0.529411765,0.4375,4.882352941,2,0.529411765,0.4375,0,-0.063737468
2013,0,1,0.642857143,0.1,3.214285714,1,0.642857143,0.1,0,0.025681714
2013,0,-3,0.666666667,0.277777778,2.878787879,-1,0.666666667,0.277777778,0,0.101157977
2013,0,1,0.692307692,0.176470588,2.576923077,1,0.692307692,0.176470588,0,0.123133891
2013,0,0,0.823529412,0.1,1.176470588,0,0.823529412,0.1,0.571428571,0.372491828
2013,0,-3,0.5625,0.277777778,5.5625,-3,0.5625,0.277777778,0,0.048873255
2013,0,4,0.722222222,0.1,3.361111111,1.5,0.722222222,0.1,0,0.211663291
2014,0,-1,0.375,0.466666667,7.5,-1,0.375,0.466666667,0,-0.081517094
2014,0,13,0,0.191489362,12.5,13,0,0.191489362,0,-0.349276326
2014,0,-7,0.538461538,0.6,3.846153846,-7,0.538461538,0.6,0,-0.041857131
2014,0,3,0,0.4375,12,3,0,0.4375,0,-0.440972222
2014,0,3,0.571428571,0.5,5.666666667,5,0.571428571,0.5,0,0.102176052
2014,0,13,0,0.307692308,15,13,0,0.307692308,0,-0.307692308
2014,0,-3,0.357142857,0.384615385,6.071428571,-3,0.357142857,0.384615385,0,-0.210679863
2014,0,11,0.25,0.357142857,13.25,11,0.25,0.357142857,0,-0.177073733
2014,0,9,0,0.545454545,13,9,0,0.545454545,0,-0.4139364
2014,0,15,0,0.176470588,16,15,0,0.176470588,0,-0.182679739
2014,0,7,0.222222222,0.538461538,11,2,0.222222222,0.538461538,0.5,-0.263090877
2014,0,9,0,0.545454545,13,9,0,0.545454545,0,-0.545454545
2014,0,1,0,0.545454545,9,1,0,0.545454545,0,-0.545454545
2014,0,13,0,0.204081633,11.33333333,13,0,0.204081633,0,-0.318027211
2014,0,5,0,0.444444444,11.16666667,5,0,0.444444444,0,-0.426023051
2014,0,15,0,0.333333333,15.5,15,0,0.333333333,0,-0.262411348
2014,0,15,0,0.1,16,15,0,0.1,0,-0.145744681
2014,0,-5,0.384615385,0.6,8.230769231,-5,0.384615385,0.6,0,-0.090157065
2014,0,5,0.25,0.473684211,12,5,0.25,0.473684211,0,-0.200146388
2014,0,-5,0.5,0.833333333,9.4,-5,0.5,0.833333333,0,0.00631095
2014,0,11,0,0.277777778,15.33333333,11,0,0.277777778,0,-0.189755713
2014,0,3,0.5,0.538461538,5.3,3,0.5,0.538461538,0,-0.111464978
2014,0,9,0,0.322580645,13,9,0,0.322580645,0,-0.383512545
2014,0,7,0,0.6,14.33333333,7,0,0.6,0,-0.347383569
2014,0,9,0,0.466666667,14.75,9,0,0.466666667,0,-0.321040724
2014,0,-1,0,0.333333333,11,-1,0,0.333333333,0,-0.382092581
2014,0,11,0,0.4,13.66666667,11,0,0.4,0,-0.386693548
2014,0,15,0,0.235294118,15,15,0,0.235294118,0,-0.205282113
2014,0,-1,0.529411765,0.666666667,4.882352941,-1,0.529411765,0.666666667,0,-0.063737468
2014,0,7,0,0.434782609,11.33333333,7,0,0.434782609,0,-0.363565529
2014,0,11,0,0.322580645,14,11,0,0.322580645,0,-0.322580645
2014,0,13,0.142857143,0.533333333,13.71428571,13,0.142857143,0.533333333,0,-0.253531057
2014,0,5,0.5625,0.191489362,5.5625,6.666666667,0.5625,0.191489362,0,0.048873255
2014,0,-8,0.454545455,0.6,4.909090909,-8,0.454545455,0.6,0,-0.110255694
2014,0,-5,0.692307692,0.5,2.576923077,-3,0.692307692,0.5,0.5,0.123133891
2014,0,3,0.555555556,0.357142857,5.833333333,3,0.555555556,0.357142857,0,0.030569866
2014,0,8,0.533333333,0.176470588,5.533333333,8,0.533333333,0.176470588,0,-0.036689013
2014,0,-1,0.454545455,0.538461538,6.454545455,-1,0.454545455,0.538461538,0,-0.072567465
2014,0,8,0.615384615,0.204081633,4.384615385,8,0.615384615,0.204081633,0,0.067467237
2014,0,7,0.454545455,0.333333333,6.636363636,7,0.454545455,0.333333333,0,-0.134908742
2014,0,8,0.333333333,0.1,9,8,0.333333333,0.1,0,-0.065196078
2014,0,3,0.526315789,0.277777778,5.210526316,3,0.526315789,0.277777778,0,0.029590364
2014,0,-5,0.466666667,0.538461538,5.8,-5,0.466666667,0.538461538,0,-0.151661836
2014,0,1,0.565217391,0.322580645,4.47826087,2.5,0.565217391,0.322580645,0.5,0.026179947
2014,0,1,0.4,0.466666667,6.2,1,0.4,0.466666667,0,-0.191788601
2014,0,8,0.4,0.4,9,8,0.4,0.4,0,-0.100303367
2014,0,8,0.666666667,0.235294118,4.380952381,7.5,0.666666667,0.235294118,0,0.150804039
2014,0,8,0.166666667,0.322580645,10.83333333,8,0.166666667,0.322580645,0,-0.298108679
2014,0,1,0.642857143,0.191489362,3.214285714,1,0.642857143,0.191489362,0,0.025681714
2014,0,11,0.4,0.1,10.3,11,0.4,0.1,0,-0.032694766
2014,0,4,0.461538462,0.176470588,6.769230769,4,0.461538462,0.176470588,0,-0.065714408
2014,0,4,0.5,0.322580645,6.55,2.5,0.5,0.322580645,0,0.020968162
2014,0,4,0.461538462,0.277777778,6.769230769,4,0.461538462,0.277777778,0,-0.055933596
2014,0,-3,0.666666667,0.322580645,2.878787879,-1,0.666666667,0.322580645,0,0.101157977
2014,0,-3,0.764705882,0.466666667,1.911764706,-3,0.764705882,0.466666667,0.5,0.227847734
2014,0,1,0.6,0.204081633,3.9,1,0.6,0.204081633,0,-0.009638932
2014,0,2,0.677419355,0.1,3.129032258,2,0.677419355,0.1,0,0.095717891
2014,0,1,0.808510638,0.176470588,1.638297872,0.5,0.808510638,0.176470588,0.5,0.290867374
2014,0,-1,0.722222222,0.322580645,3.361111111,2,0.722222222,0.322580645,0,0.211663291
2014,0,2,0.533333333,0.204081633,5.2,3,0.533333333,0.204081633,0,0.002130852
2014,0,1,0.795918367,0.1,1.897959184,0.5,0.795918367,0.1,0,0.28623835
2014,0,3,0.677419355,0.176470588,2.838709677,2,0.677419355,0.176470588,0,0.123693281
2014,0,0,0.823529412,0.1,1.176470588,0,0.823529412,0.1,0.571428571,0.372491828
2015,0,-3,0.333333333,0.6,7,-3,0.333333333,0.6,0,-0.292592593
2015,0,13,0,0.191489362,15.5,13,0,0.191489362,0,-0.262411348
2015,0,9,0,0.4375,13.66666667,9,0,0.4375,0,-0.386693548
2015,0,3,0.357142857,0.615384615,6.071428571,3,0.357142857,0.615384615,0,-0.210679863
2015,0,-1,0.333333333,0.5,9.333333333,-1,0.333333333,0.5,0,-0.138888889
2015,0,9,0.142857143,0.307692308,13.71428571,9,0.142857143,0.307692308,0,-0.253531057
2015,0,-5,0,0.5,9.333333333,-5,0,0.5,0,-0.520833333
2015,0,11,0,0.473684211,14,11,0,0.473684211,0,-0.427318296
2015,0,13,0,0.357142857,15,13,0,0.357142857,0,-0.357142857
2015,0,-5,0.666666667,0.615384615,5.555555556,-5,0.666666667,0.615384615,0,0.153088264
2015,0,7,0,0.25,12,7,0,0.25,0,-0.360294118
2015,0,15,0,0.176470588,14.33333333,15,0,0.176470588,0,-0.342670401
2015,0,11,0.25,0.333333333,10.66666667,11,0.25,0.333333333,0,-0.17716738
2015,0,15,0,0.235294118,16,15,0,0.235294118,0,-0.235294118
2015,0,1,0.454545455,0.444444444,4.909090909,1,0.454545455,0.444444444,0,-0.110255694
2015,0,7,0,0.434782609,12.5,7,0,0.434782609,0,-0.349276326
2015,0,11,0,0.466666667,14,11,0,0.466666667,0,-0.466666667
2015,0,-5,0.677419355,0.75,3.129032258,-5,0.677419355,0.75,0,0.095717891
2015,0,15,0,0.1,16,15,0,0.1,0,-0.1
2015,0,3,0.461538462,0.777777778,6.769230769,-2,0.461538462,0.777777778,0.5,-0.065714408
2015,0,13,0,0.384615385,15,13,0,0.384615385,0,-0.409698997
2015,0,11,0.4,0.277777778,10.3,11,0.4,0.277777778,0,-0.032694766
2015,0,15,0,0.322580645,15,15,0,0.322580645,0,-0.409046522
2015,0,9,0,0.466666667,13.8,9,0,0.466666667,0,-0.375813598
2015,0,7,0.166666667,0.4375,10.83333333,7,0.166666667,0.4375,0,-0.298108679
2015,0,7,0.375,0.428571429,11.25,7,0.375,0.428571429,0,-0.086526928
2015,0,-3,0,0.5,11.16666667,-3,0,0.5,0,-0.426023051
2015,0,1,0.333333333,0.888888889,8.166666667,1,0.333333333,0.888888889,0,-0.235318179
2015,0,1,0,0.75,8.5,1,0,0.75,0,-0.625
2015,0,5,0.461538462,0.6,6.769230769,5,0.461538462,0.6,0,-0.055933596
2015,0,9,0,0.204081633,15,9,0,0.204081633,0,-0.205282113
2015,0,13,0,0.333333333,14.25,13,0,0.333333333,0,-0.331349206
2015,0,8,0.4,0.191489362,7.2,8,0.4,0.191489362,0,-0.109224258
2015,0,-5,0.642857143,0.615384615,3.214285714,-5,0.642857143,0.615384615,0.5,0.025681714
2015,0,1,0.75,0.307692308,2.833333333,1,0.75,0.307692308,0,0.239925337
2015,0,-8,0.666666667,0.5,4.380952381,-4.5,0.666666667,0.5,0.5,0.150804039
2015,0,8,0.384615385,0.473684211,5.461538462,3.5,0.384615385,0.473684211,0,-0.24857657
2015,0,8,0.5,0.176470588,6.55,8,0.5,0.176470588,0,0.020968162
2015,0,7,0.555555556,0.235294118,5.833333333,5,0.555555556,0.235294118,0.5,0.030569866
2015,0,-1,0.5625,0.434782609,5.5625,-1,0.5625,0.434782609,0,0.048873255
2015,0,8,0.25,0.466666667,12,8,0.25,0.466666667,0,-0.208637599
2015,0,7,0.25,0.1,7.25,7,0.25,0.1,0,-0.312033107
2015,0,5,0.222222222,0.384615385,11,5,0.222222222,0.384615385,0,-0.263090877
2015,0,3,0.4,0.277777778,7.7,3,0.4,0.277777778,0,-0.216765873
2015,0,7,0.111111111,0.322580645,10.11111111,7,0.111111111,0.322580645,0,-0.353993945
2015,0,1,0.5625,0.466666667,4,1,0.5625,0.466666667,0,-0.034392507
2015,0,1,0.571428571,0.204081633,5.666666667,1.5,0.571428571,0.204081633,0,0.102176052
2015,0,8,0.5,0.333333333,10,8,0.5,0.333333333,0,-0.166666667
2015,0,1,0.526315789,0.191489362,5.210526316,1,0.526315789,0.191489362,0,0.029590364
2015,0,1,0.533333333,0.384615385,5.533333333,1,0.533333333,0.384615385,0,-0.036689013
2015,0,3,0.795918367,0.176470588,1.897959184,2,0.795918367,0.176470588,0.5,0.28623835
2015,0,3,0.533333333,0.235294118,5.2,3,0.533333333,0.235294118,0.5,0.002130852
2015,0,4,0.565217391,0.1,4.47826087,2.5,0.565217391,0.1,0,0.026179947
2015,0,-4,0.722222222,0.615384615,3.361111111,-4,0.722222222,0.615384615,0,0.211663291
2015,0,3,0.692307692,0.322580645,2.576923077,3,0.692307692,0.322580645,0,0.123133891
2015,0,9,0.5,0.333333333,9.4,9,0.5,0.333333333,0,0.00631095
2015,0,1,0.808510638,0.176470588,1.638297872,0.5,0.808510638,0.176470588,0.5,0.290867374
2015,0,1,0.615384615,0.235294118,4.384615385,1.333333333,0.615384615,0.235294118,0,0.067467237
2015,0,6,0.384615385,0.1,8.230769231,6,0.384615385,0.1,0,-0.090157065
2015,0,1,0.666666667,0.322580645,2.878787879,-1,0.666666667,0.322580645,0,0.101157977
2015,0,0,0.677419355,0.1,2.838709677,1.5,0.677419355,0.1,0,0.123693281
2015,0,0,0.764705882,0.176470588,1.911764706,0,0.764705882,0.176470588,0,0.227847734
2015,0,0,0.823529412,0.1,1.176470588,0,0.823529412,0.1,0.571428571,0.372491828
2016,0,-7,0.4,0.857142857,9,-7,0.4,0.857142857,0,-0.100303367
2016,0,13,0,0.466666667,15,13,0,0.466666667,0,-0.409046522
2016,0,-1,0.454545455,0.75,6.636363636,-1,0.454545455,0.75,0,-0.134908742
2016,0,15,0,0.191489362,15.33333333,15,0,0.191489362,0,-0.189755713
2016,0,5,0.166666667,0.5,10.83333333,5,0.166666667,0.5,0,-0.298108679
2016,0,-1,0,0.625,9.333333333,-1,0,0.625,0,-0.520833333
2016,0,11,0,0.277777778,14,11,0,0.277777778,0,-0.356280193
2016,0,9,0.166666667,0.6,12.5,9,0.166666667,0.6,0,-0.229188214
2016,0,7,0,0.25,11.16666667,7,0,0.25,0,-0.426023051
2016,0,11,0.5,0.4375,11.16666667,11,0.5,0.4375,0,0.082098416
2016,0,13,0,0.333333333,15,13,0,0.333333333,0,-0.301971326
2016,0,15,0,0.235294118,16,15,0,0.235294118,0,-0.235294118
2016,0,-3,0.461538462,0.4,6.769230769,-3,0.461538462,0.4,0,-0.065714408
2016,0,9,0,0.444444444,13,9,0,0.444444444,0,-0.383512545
2016,0,3,0.333333333,0.333333333,8.166666667,3,0.333333333,0.333333333,0,-0.235318179
2016,0,5,0.111111111,0.533333333,10.11111111,5,0.111111111,0.533333333,0,-0.353993945
2016,0,15,0,0.1,16,15,0,0.1,0,-0.182679739
2016,0,-1,0,0.5,8.5,-1,0,0.5,0,-0.625
2016,0,7,0,0.384615385,11,7,0,0.384615385,0,-0.382092581
2016,0,-1,0.529411765,0.375,4.882352941,-1,0.529411765,0.375,0,-0.063737468
2016,0,11,0,0.357142857,15,11,0,0.357142857,0,-0.296218487
2016,0,13,0,0.322580645,15,13,0,0.322580645,0,-0.322580645
2016,0,-3,0.4,0.571428571,10.3,-3,0.4,0.571428571,0,-0.032694766
2016,0,15,0,0.176470588,15.66666667,15,0,0.176470588,0,-0.291101056
2016,0,5,0.454545455,0.428571429,6.454545455,5,0.454545455,0.428571429,0,-0.072567465
2016,0,-7,0.384615385,0.75,5.461538462,-7,0.384615385,0.75,0,-0.24857657
2016,0,5,0,0.6,11,5,0,0.6,0,-0.6
2016,0,9,0,0.204081633,13,9,0,0.204081633,0,-0.204081633
2016,0,13,0,0.434782609,15,13,0,0.434782609,0,-0.409698997
2016,0,9,0.571428571,0.322580645,8.714285714,9,0.571428571,0.322580645,0,0.053771278
2016,0,11,0,0.380952381,14,11,0,0.380952381,0,-0.380952381
2016,0,3,0,0.333333333,11.33333333,3,0,0.333333333,0,-0.363565529
2016,0,8,0.25,0.191489362,9.75,8,0.25,0.191489362,0,-0.199620592
2016,0,-3,0.722222222,0.5,3.361111111,-3,0.722222222,0.5,0,0.211663291
2016,0,-1,0.4,0.25,6.2,-1,0.4,0.25,0,-0.191788601
2016,0,3,0.466666667,0.4375,5.8,3,0.466666667,0.4375,0,-0.151661836
2016,0,8,0.6,0.333333333,7,8,0.6,0.333333333,0,0.084791352
2016,0,8,0.375,0.235294118,8.125,8,0.375,0.235294118,0,-0.184214898
2016,0,8,0.142857143,0.444444444,13.71428571,8,0.142857143,0.444444444,0,-0.253531057
2016,0,-5,0.533333333,0.333333333,5.533333333,-5,0.533333333,0.333333333,0,-0.036689013
2016,0,8,0.5,0.1,9,8,0.5,0.1,0,-0.05
2016,0,-1,0.677419355,0.384615385,3.129032258,-1,0.677419355,0.384615385,0,0.095717891
2016,0,3,0.571428571,0.357142857,5.666666667,1,0.571428571,0.357142857,0.5,0.102176052
2016,0,8,0.625,0.176470588,6.75,8,0.625,0.176470588,0,0.150827513
2016,0,8,0.25,0.204081633,10.66666667,8,0.25,0.204081633,0,-0.17716738
2016,0,8,0.428571429,0.434782609,7.285714286,8,0.428571429,0.434782609,0,-0.181551426
2016,0,3,0.4,0.380952381,7.7,3,0.4,0.380952381,0,-0.216765873
2016,0,-5,0.677419355,0.333333333,2.838709677,-5,0.677419355,0.333333333,0,0.123693281
2016,0,-3,0.823529412,0.204081633,1.176470588,-2,0.823529412,0.204081633,0.5,0.372491828
2016,0,-3,0.764705882,0.444444444,1.911764706,-5,0.764705882,0.444444444,0.5,0.227847734
2016,0,-4,0.5625,0.333333333,4,-0.5,0.5625,0.333333333,0,-0.034392507
2016,0,-4,0.642857143,0.333333333,3.214285714,-4,0.642857143,0.333333333,0,0.025681714
2016,0,4,0.615384615,0.191489362,4.384615385,5.5,0.615384615,0.191489362,0,0.067467237
2016,0,4,0.75,0.1,2.833333333,2.5,0.75,0.1,0.5,0.239925337
2016,0,4,0.5,0.333333333,6.55,4,0.5,0.333333333,0,0.020968162
2016,0,1,0.619047619,0.434782609,4.047619048,-0.333333333,0.619047619,0.434782609,0.333333333,0.055245931
2016,0,3,0.666666667,0.444444444,2.878787879,3,0.666666667,0.444444444,0,0.101157977
2016,0,-3,0.795918367,0.333333333,1.897959184,-3,0.795918367,0.333333333,0,0.28623835
2016,0,1,0.565217391,0.1,4.47826087,2.5,0.565217391,0.1,0,0.026179947
2016,0,-1,0.808510638,0.333333333,1.638297872,-2.5,0.808510638,0.333333333,0,0.290867374
2016,0,1,0.666666667,0.1,4.380952381,1,0.666666667,0.1,0,0.150804039
2016,0,3,0.666666667,0.444444444,5.555555556,3,0.666666667,0.444444444,0,0.153088264
2016,0,3,0.555555556,0.1,5.833333333,5.666666667,0.555555556,0.1,0,0.030569866
2017,0,1,0.4,0.466666667,6.2,1,0.4,0.466666667,0,-0.191788601
2017,0,3,0,0.571428571,10,3,0,0.571428571,0,-0.571428571
2017,0,3,0,0.5,13,3,0,0.5,0,-0.548484848
2017,0,11,0,0.384615385,14,11,0,0.384615385,0,-0.384615385
2017,0,9,0.166666667,0.357142857,12.5,9,0.166666667,0.357142857,0,-0.229188214
2017,0,11,0,0.322580645,13,11,0,0.322580645,0,-0.353598015
2017,0,13,0,0.25,15,13,0,0.25,0,-0.301971326
2017,0,5,0.4,0.571428571,7.7,5,0.4,0.571428571,0,-0.216765873
2017,0,5,0.25,0.461538462,9.75,5,0.25,0.461538462,0,-0.199620592
2017,0,15,0,0.176470588,16,15,0,0.176470588,0,-0.182679739
2017,0,7,0,0.4375,12.5,7,0,0.4375,0,-0.349276326
2017,0,13,0,0.333333333,15,13,0,0.333333333,0,-0.333333333
2017,0,-1,0.333333333,0.545454545,8.166666667,-1,0.333333333,0.545454545,0,-0.235318179
2017,0,15,0,0.235294118,15,15,0,0.235294118,0,-0.296218487
2017,0,11,0,0.434782609,14,11,0,0.434782609,0,-0.356280193
2017,0,5,0,0.533333333,12,5,0,0.533333333,0,-0.497435897
2017,0,15,0,0.191489362,16,15,0,0.191489362,0,-0.191489362
2017,0,-1,0.461538462,0.4375,6.769230769,1.5,0.461538462,0.4375,0,-0.055933596
2017,0,15,0.142857143,0.1,13.71428571,15,0.142857143,0.1,0,-0.253531057
2017,0,13,0,0.307692308,14.33333333,13,0,0.307692308,0,-0.347383569
2017,0,3,0,0.625,11,3,0,0.625,0,-0.506336406
2017,0,9,0,0.277777778,11.16666667,9,0,0.277777778,0,-0.426023051
2017,0,9,0.222222222,0.615384615,11,9,0.222222222,0.615384615,0,-0.263090877
2017,0,5,0.5,0.428571429,9.4,5,0.5,0.428571429,0,0.00631095
2017,0,-3,0.4,0.25,8.6,-3,0.4,0.25,0,0.034705882
2017,0,-7,0.375,0.625,7.125,-7,0.375,0.625,0,-0.138607373
2017,0,13,0,0.204081633,15,13,0,0.204081633,0,-0.409046522
2017,0,1,0.357142857,0.444444444,6.071428571,1,0.357142857,0.444444444,0,-0.210679863
2017,0,7,0.384615385,0.333333333,8.230769231,7,0.384615385,0.333333333,0,-0.090157065
2017,0,7,0,0.322580645,11.33333333,7,0,0.322580645,0,-0.363565529
2017,0,9,0,0.380952381,14.25,9,0,0.380952381,0,-0.331349206
2017,0,11,0,0.333333333,14,11,0,0.333333333,0,-0.333333333
2017,0,3,0.428571429,0.384615385,7.285714286,3,0.428571429,0.384615385,0,-0.181551426
2017,0,3,0.466666667,0.322580645,5.8,3,0.466666667,0.322580645,0,-0.151661836
2017,0,5,0.5,0.25,6.55,5,0.5,0.25,0,0.020968162
2017,0,8,0.454545455,0.176470588,6.454545455,8,0.454545455,0.176470588,0,-0.072567465
2017,0,-1,0.642857143,0.4375,3.214285714,-1,0.642857143,0.4375,0,0.025681714
2017,0,5,0.428571429,0.333333333,10,5,0.428571429,0.333333333,0,-0.073028893
2017,0,7,0.533333333,0.235294118,5.533333333,7,0.533333333,0.235294118,0,-0.036689013
2017,0,3,0.538461538,0.434782609,3.846153846,3,0.538461538,0.434782609,0,-0.041857131
2017,0,8,0.5625,0.191489362,5.5625,6.666666667,0.5625,0.191489362,0,0.048873255
2017,0,7,0.555555556,0.1,5.833333333,5.666666667,0.555555556,0.1,0,0.030569866
2017,0,1,0.666666667,0.277777778,2.878787879,-1,0.666666667,0.277777778,0,0.101157977
2017,0,-8,0.692307692,0.25,2.576923077,-8,0.692307692,0.25,0,0.123133891
2017,0,-8,0.384615385,0.625,5.461538462,-4.5,0.384615385,0.625,0,-0.24857657
2017,0,5,0.375,0.204081633,8.125,5,0.375,0.204081633,0,-0.184214898
2017,0,1,0.677419355,0.380952381,3.129032258,1,0.677419355,0.380952381,0,0.095717891
2017,0,3,0.571428571,0.333333333,5.666666667,3,0.571428571,0.333333333,0,0.102176052
2017,0,3,0.722222222,0.191489362,3.361111111,3.5,0.722222222,0.191489362,0.5,0.211663291
2017,0,1,0.666666667,0.25,5.555555556,1,0.666666667,0.25,0,0.153088264
2017,0,4,0.5625,0.176470588,4,4,0.5625,0.176470588,0,-0.034392507
2017,0,1,0.565217391,0.204081633,4.47826087,1,0.565217391,0.204081633,0,0.026179947
2017,0,3,0.619047619,0.1,4.047619048,3.5,0.619047619,0.1,0,0.055245931
2017,0,-1,0.666666667,0.384615385,4.380952381,-1,0.666666667,0.384615385,0.5,0.150804039
2017,0,-7,0.677419355,0.25,2.838709677,-7,0.677419355,0.25,0,0.123693281
2017,0,11,0.375,0.235294118,11.25,11,0.375,0.235294118,0,-0.086526928
2017,0,-1,0.808510638,0.25,1.638297872,-1,0.808510638,0.25,0,0.290867374
2017,0,-1,0.823529412,0.204081633,1.176470588,-2,0.823529412,0.204081633,0.5,0.372491828
2017,0,9,0.75,0.1,4.75,9,0.75,0.1,0,0.240316734
2017,0,2,0.615384615,0.235294118,4.384615385,1.333333333,0.615384615,0.235294118,0,0.067467237
2017,0,-1,0.9,0.25,1.083333333,-2.5,0.9,0.25,0.5,0.41385203
2017,0,1,0.795918367,0.235294118,1.897959184,-1,0.795918367,0.235294118,0.666666667,0.28623835
2017,0,1,0.75,0.235294118,2.833333333,1,0.75,0.235294118,0,0.239925337
2018,0,13,0,0.191489362,15,13,0,0.191489362,0,-0.191489362
2018,0,7,0.571428571,0.5,5.666666667,5,0.571428571,0.5,0,0.102176052
2018,0,15,0,0.277777778,14.25,15,0,0.277777778,0,-0.331349206
2018,0,1,0.384615385,0.625,8.230769231,1,0.384615385,0.625,0,-0.090157065
2018,0,7,0.111111111,0.322580645,10.11111111,7,0.111111111,0.322580645,0,-0.353993945
2018,0,3,0,0.5,10,3,0,0.5,0,-0.5
2018,0,-3,0.333333333,0.666666667,8.166666667,-3,0.333333333,0.666666667,0,-0.235318179
2018,0,9,0,0.461538462,12,9,0,0.461538462,0,-0.497435897
2018,0,15,0,0.176470588,15,15,0,0.176470588,0,-0.205282113
2018,0,13,0,0.25,15,13,0,0.25,0,-0.25
2018,0,5,0,0.333333333,12.5,5,0,0.333333333,0,-0.349276326
2018,0,13,0,0.235294118,15.66666667,13,0,0.235294118,0,-0.291101056
2018,0,11,0,0.333333333,13.8,11,0,0.333333333,0,-0.375813598
2018,0,9,0,0.322580645,11,9,0,0.322580645,0,-0.506336406
2018,0,-1,0.25,0.666666667,10.66666667,-1,0.25,0.666666667,0,-0.17716738
2018,0,-3,0.5625,0.666666667,5.5625,-3,0.5625,0.666666667,0,0.048873255
2018,0,3,0.454545455,0.466666667,4.909090909,3,0.454545455,0.466666667,0,-0.110255694
2018,0,-5,0.4,0.5,7.7,-5,0.4,0.5,0,-0.216765873
2018,0,-5,0.461538462,0.666666667,6.769230769,-5,0.461538462,0.666666667,0,-0.055933596
2018,0,15,0,0.1,14.66666667,15,0,0.1,0,-0.286693548
2018,0,-5,0.526315789,0.571428571,5.210526316,-5,0.526315789,0.571428571,0,0.029590364
2018,0,7,0.166666667,0.307692308,12.5,7,0.166666667,0.307692308,0,-0.229188214
2018,0,-7,0.428571429,0.777777778,7.285714286,-7,0.428571429,0.777777778,0,-0.181551426
2018,0,11,0.25,0.384615385,12,11,0.25,0.384615385,0,-0.208637599
2018,0,9,0,0.470588235,14.66666667,9,0,0.470588235,0,-0.393188854
2018,0,15,0,0.25,16,15,0,0.25,0,-0.25
2018,0,11,0,0.4375,9.333333333,11,0,0.4375,0,-0.520833333
2018,0,-1,0.555555556,0.538461538,5.833333333,-1,0.555555556,0.538461538,0,0.030569866
2018,0,-1,0.384615385,0.625,5.461538462,-4.5,0.384615385,0.625,0,-0.24857657
2018,0,9,0.5,0.204081633,9.4,9.5,0.5,0.204081633,0,0.00631095
2018,0,13,0,0.434782609,14.5,13,0,0.434782609,0,-0.448160535
2018,0,11,0,0.380952381,14,11,0,0.380952381,0,-0.427318296
2018,0,5,0.5,0.191489362,7.5,4.5,0.5,0.191489362,0,0.030381266
2018,0,7,0.375,0.277777778,7.125,7,0.375,0.277777778,0,-0.138607373
2018,0,1,0.677419355,0.461538462,2.838709677,1,0.677419355,0.461538462,0,0.123693281
2018,0,8,0.333333333,0.176470588,9,8,0.333333333,0.176470588,0,-0.142156863
2018,0,8,0.333333333,0.25,9.333333333,8,0.333333333,0.25,0,-0.138888889
2018,0,-3,0.666666667,0.333333333,2.878787879,-3,0.666666667,0.333333333,0,0.101157977
2018,0,8,0.333333333,0.235294118,8.333333333,8,0.333333333,0.235294118,0,-0.113153595
2018,0,1,0.5,0.322580645,6.55,2.5,0.5,0.322580645,0,0.020968162
2018,0,-8,0.615384615,0.5,4.384615385,-8,0.615384615,0.5,0,0.067467237
2018,0,-8,0.5625,0.666666667,4,-8,0.5625,0.666666667,0,-0.034392507
2018,0,8,0.375,0.1,11.25,8,0.375,0.1,0,-0.086526928
2018,0,-1,0.529411765,0.307692308,4.882352941,-1,0.529411765,0.307692308,0,-0.063737468
2018,0,8,0.461538462,0.25,6.769230769,8,0.461538462,0.25,0,-0.065714408
2018,0,8,0.222222222,0.204081633,11,8,0.222222222,0.204081633,0,-0.263090877
2018,0,5,0.533333333,0.434782609,5.533333333,5,0.533333333,0.434782609,0,-0.036689013
2018,0,8,0.428571429,0.380952381,10,8,0.428571429,0.380952381,0,-0.073028893
2018,0,3,0.795918367,0.277777778,1.897959184,1,0.795918367,0.277777778,0.5,0.28623835
2018,0,3,0.538461538,0.25,3.846153846,3,0.538461538,0.25,0,-0.041857131
2018,0,-4,0.808510638,0.333333333,1.638297872,-2.5,0.808510638,0.333333333,0,0.290867374
2018,0,-1,0.565217391,0.380952381,4.47826087,0.333333333,0.565217391,0.380952381,0.666666667,0.026179947
2018,0,4,0.692307692,0.1,2.576923077,2.5,0.692307692,0.1,0,0.123133891
2018,0,3,0.677419355,0.176470588,3.129032258,2,0.677419355,0.176470588,0.333333333,0.095717891
2018,0,9,0.333333333,0.25,10.66666667,9,0.333333333,0.25,0,-0.12136953
2018,0,9,0.5,0.235294118,11.16666667,9,0.5,0.235294118,0,0.082098416
2018,0,5,0.666666667,0.277777778,4.380952381,4,0.666666667,0.277777778,0,0.150804039
2018,0,2,0.619047619,0.25,4.047619048,2,0.619047619,0.25,0,0.055245931
2018,0,1,0.764705882,0.1,1.911764706,1,0.764705882,0.1,0,0.227847734
2018,0,1,0.75,0.176470588,4.75,1,0.75,0.176470588,0,0.240316734
2018,0,0,0.722222222,0.25,3.361111111,0,0.722222222,0.25,0,0.211663291
2018,0,0,0.9,0.176470588,1.083333333,0,0.9,0.176470588,0.428571429,0.41385203
2018,0,0,0.75,0.176470588,2.833333333,0,0.75,0.176470588,0,0.239925337
2019,0,7,0,0.466666667,11.66666667,7,0,0.466666667,0,-0.523611111
2019,0,-3,0.25,0.5,7.25,-3,0.25,0.5,0,-0.312033107
2019,0,-1,0,0.5,11.33333333,-1,0,0.5,0,-0.318027211
2019,0,13,0,0.1,15,13,0,0.1,0,-0.1
2019,0,7,0,0.384615385,13,7,0,0.384615385,0,-0.353598015
2019,0,-3,0.565217391,0.375,4.47826087,-3,0.565217391,0.375,0,0.026179947
2019,0,13,0,0.473684211,14.66666667,13,0,0.473684211,0,-0.393188854
2019,0,15,0,0.277777778,16,15,0,0.277777778,0,-0.182679739
2019,0,7,0,0.625,12,7,0,0.625,0,-0.625
2019,0,9,0.222222222,0.615384615,11,9,0.222222222,0.615384615,0,-0.263090877
2019,0,1,0.375,0.5,8.125,1,0.375,0.5,0,-0.184214898
2019,0,15,0,0.25,16,15,0,0.25,0,-0.175
2019,0,3,0,0.571428571,11,3,0,0.571428571,0,-0.506336406
2019,0,13,0,0.25,15,13,0,0.25,0,-0.286290323
2019,0,9,0.166666667,0.235294118,12.5,9,0.166666667,0.235294118,0,-0.229188214
2019,0,9,0.25,0.322580645,13.25,9,0.25,0.322580645,0,-0.177073733
2019,0,15,0,0.191489362,16,15,0,0.191489362,0,-0.191489362
2019,0,3,0.25,0.6,9.75,3,0.25,0.6,0,-0.199620592
2019,0,1,0.533333333,0.4375,5.2,1,0.533333333,0.4375,0,0.002130852
2019,0,7,0.25,0.5,12,7,0.25,0.5,0,-0.208637599
2019,0,11,0,0.642857143,15,11,0,0.642857143,0,-0.409046522
2019,0,5,0.111111111,0.357142857,10.11111111,5,0.111111111,0.357142857,0,-0.353993945
2019,0,11,0,0.322580645,14,11,0,0.322580645,0,-0.322580645
2019,0,-1,0.333333333,0.6,10.66666667,-1,0.333333333,0.6,0,-0.12136953
2019,0,-5,0.5,0.428571429,6.55,-5,0.5,0.428571429,0,0.020968162
2019,0,11,0,0.461538462,14.5,11,0,0.461538462,0,-0.448160535
2019,0,15,0,0.176470588,16,15,0,0.176470588,0,-0.176470588
2019,0,9,0,0.333333333,14.25,9,0,0.333333333,0,-0.331349206
2019,0,5,0.375,0.75,11.25,5,0.375,0.75,0,-0.086526928
2019,0,13,0,0.204081633,14.33333333,14,0,0.204081633,0,-0.278911565
2019,0,11,0,0.444444444,12,11,0,0.444444444,0,-0.440972222
2019,0,5,0.666666667,0.380952381,2.878787879,5,0.666666667,0.380952381,0,0.101157977
2019,0,-1,0.384615385,0.466666667,5.461538462,-1,0.384615385,0.466666667,0,-0.24857657
2019,0,8,0.5,0.1,11.16666667,8,0.5,0.1,0,0.082098416
2019,0,5,0.428571429,0.473684211,7.285714286,5,0.428571429,0.473684211,0,-0.181551426
2019,0,7,0.5,0.277777778,7.5,7,0.5,0.277777778,0,0.030381266
2019,0,8,0.5,0.25,9,8,0.5,0.25,0,-0.125
2019,0,8,0.625,0.25,6.75,8,0.625,0.25,0,0.150827513
2019,0,1,0.615384615,0.235294118,4.384615385,1.333333333,0.615384615,0.235294118,0,0.067467237
2019,0,1,0.375,0.322580645,7.125,1,0.375,0.322580645,0,-0.138607373
2019,0,7,0.5625,0.191489362,5.5625,6.666666667,0.5625,0.191489362,0,0.048873255
2019,0,-8,0.357142857,0.428571429,6.071428571,-8,0.357142857,0.428571429,0,-0.210679863
2019,0,3,0.642857143,0.461538462,3.214285714,3,0.642857143,0.461538462,0,0.025681714
2019,0,8,0.4,0.176470588,6.2,8,0.4,0.176470588,0,-0.191788601
2019,0,1,0.5,0.333333333,9.4,4.5,0.5,0.333333333,0.5,0.00631095
2019,0,-3,0.555555556,0.75,5.833333333,-2,0.555555556,0.75,0.5,0.030569866
2019,0,5,0.4,0.204081633,10.3,5,0.4,0.204081633,0,-0.032694766
2019,0,-3,0.677419355,0.380952381,2.838709677,-3,0.677419355,0.380952381,0,0.123693281
2019,0,4,0.619047619,0.1,4.047619048,3.5,0.619047619,0.1,0,0.055245931
2019,0,3,0.666666667,0.277777778,4.380952381,4,0.666666667,0.277777778,0,0.150804039
2019,0,4,0.533333333,0.25,5.533333333,4,0.533333333,0.25,0,-0.036689013
2019,0,4,0.25,0.25,10.66666667,4,0.25,0.25,0,-0.17716738
2019,0,3,0.764705882,0.191489362,1.911764706,3,0.764705882,0.191489362,0,0.227847734
2019,0,1,0.538461538,0.473684211,3.846153846,1,0.538461538,0.473684211,0,-0.041857131
2019,0,3,0.677419355,0.176470588,3.129032258,2,0.677419355,0.176470588,0.333333333,0.095717891
2019,0,9,0.571428571,0.204081633,8.714285714,6.5,0.571428571,0.204081633,0,0.053771278
2019,0,-1,0.722222222,0.1,3.361111111,1.5,0.722222222,0.1,0,0.211663291
2019,0,-1,0.75,0.25,2.833333333,-1,0.75,0.25,0,0.239925337
2019,0,1,0.526315789,0.191489362,5.210526316,1,0.526315789,0.191489362,0,0.029590364
2019,0,1,0.795918367,0.176470588,1.897959184,2,0.795918367,0.176470588,0.5,0.28623835
2019,0,1,0.75,0.191489362,4.75,1,0.75,0.191489362,0,0.240316734
2019,0,1,0.9,0.176470588,1.083333333,0,0.9,0.176470588,0.428571429,0.41385203
2019,0,0,0.823529412,0.191489362,1.176470588,-0.5,0.823529412,0.191489362,0.5,0.372491828
2021,0,13,0,0.191489362,15,13,0,0.191489362,0,-0.191489362
2021,0,15,0,0.1,16,15,0,0.1,0,-0.1
2021,0,7,0,0.5,12,7,0,0.5,0,-0.5
2021,0,7,0.333333333,0.473684211,10.66666667,7,0.333333333,0.473684211,0,-0.12136953
2021,0,9,0,0.357142857,13.5,9,0,0.357142857,0,-0.486263736
2021,0,5,0.222222222,0.5,11,5,0.222222222,0.5,0,-0.263090877
2021,0,15,0,0.461538462,15.66666667,15,0,0.461538462,0,-0.291101056
2021,0,1,0,0.538461538,9,1,0,0.538461538,0,-0.538461538
2021,0,1,0.615384615,0.333333333,4.384615385,1,0.615384615,0.333333333,0.5,0.067467237
2021,0,15,0,0.235294118,14.66666667,15,0,0.235294118,0,-0.393188854
2021,0,1,0,0.6,9,1,0,0.6,0,-0.6
2021,0,15,0,0.204081633,16,15,0,0.204081633,0,-0.204081633
2021,0,1,0.25,0.444444444,10.66666667,2,0.25,0.444444444,0.5,-0.17716738
2021,0,11,0,0.333333333,11,11,0,0.333333333,0,-0.382092581
2021,0,3,0.375,0.5,7.125,3,0.375,0.5,0,-0.138607373
2021,0,9,0,0.533333333,13,9,0,0.533333333,0,-0.588095238
2021,0,3,0.533333333,0.5,5.2,3,0.533333333,0.5,0,0.002130852
2021,0,11,0,0.166666667,14,11,0,0.166666667,0,-0.166666667
2021,0,-7,0.5,0.833333333,9.4,-7,0.5,0.833333333,0,0.00631095
2021,0,-5,0.25,0.6,7.25,-5,0.25,0.6,0,-0.312033107
2021,0,11,0,0.470588235,14,11,0,0.470588235,0,-0.470588235
2021,0,9,0,0.375,13,9,0,0.375,0,-0.375
2021,0,3,0.4,0.642857143,6.2,3,0.4,0.642857143,0,-0.191788601
2021,0,13,0.25,0.277777778,12,13,0.25,0.277777778,0,-0.200146388
2021,0,13,0,0.322580645,15,13,0,0.322580645,0,-0.322580645
2021,0,7,0,0.428571429,14.33333333,7,0,0.428571429,0,-0.278911565
2021,0,3,0,0.666666667,11.66666667,3,0,0.666666667,0,-0.523611111
2021,0,5,0,0.25,11.33333333,5,0,0.25,0,-0.318027211
2021,0,5,0,0.434782609,11,5,0,0.434782609,0,-0.434782609
2021,0,13,0,0.322580645,15,13,0,0.322580645,0,-0.301971326
2021,0,11,0,0.380952381,14,11,0,0.380952381,0,-0.380952381
2021,0,-9,0.4,0.75,7.2,-9,0.4,0.75,0,-0.109224258
2021,0,5,0.5,0.191489362,7,5,0.5,0.191489362,0,0.091755319
2021,0,7,0.555555556,0.1,5.833333333,5.666666667,0.555555556,0.1,0,0.030569866
2021,0,-1,0.466666667,0.5,5.8,-1,0.466666667,0.5,0,-0.151661836
2021,0,-1,0.642857143,0.473684211,3.214285714,-1,0.642857143,0.473684211,0,0.025681714
2021,0,-3,0.666666667,0.5,2.878787879,-3,0.666666667,0.5,0,0.101157977
2021,0,7,0.4,0.461538462,7.7,7,0.4,0.461538462,0,-0.216765873
2021,0,7,0.666666667,0.235294118,4.380952381,7.5,0.666666667,0.235294118,0,0.150804039
2021,0,7,0.461538462,0.204081633,6.769230769,7,0.461538462,0.204081633,0,-0.065714408
2021,0,8,0.4,0.166666667,10.3,8,0.4,0.166666667,0,-0.032694766
2021,0,8,0.166666667,0.375,12.5,8,0.166666667,0.375,0,-0.229188214
2021,0,5,0.333333333,0.277777778,7,5,0.333333333,0.277777778,0,-0.292592593
2021,0,5,0.5,0.322580645,7,5,0.5,0.322580645,0,0.105376344
2021,0,8,0.25,0.428571429,13.25,8,0.25,0.428571429,0,-0.177073733
2021,0,-3,0.529411765,0.25,4.882352941,-3,0.529411765,0.25,0,-0.063737468
2021,0,-3,0.619047619,0.434782609,4.047619048,-0.333333333,0.619047619,0.434782609,0.333333333,0.055245931
2021,0,5,0.357142857,0.322580645,6.071428571,5,0.357142857,0.322580645,0,-0.210679863
2021,0,-1,0.677419355,0.166666667,3.129032258,-1,0.677419355,0.166666667,0,0.095717891
2021,0,4,0.5,0.191489362,7.5,4.5,0.5,0.191489362,0,0.030381266
2021,0,4,0.526315789,0.1,5.210526316,4,0.526315789,0.1,0,0.029590364
2021,0,-3,0.538461538,0.375,3.846153846,-3,0.538461538,0.375,0,-0.041857131
2021,0,4,0.75,0.277777778,4.75,4,0.75,0.277777778,0,0.240316734
2021,0,4,0.5,0.235294118,5.3,4,0.5,0.235294118,0,-0.111464978
2021,0,4,0.571428571,0.204081633,8.714285714,6.5,0.571428571,0.204081633,0,0.053771278
2021,0,-4,0.677419355,0.434782609,2.838709677,-2.5,0.677419355,0.434782609,0.5,0.123693281
2021,0,1,0.625,0.166666667,6.75,1,0.625,0.166666667,0,0.150827513
2021,0,1,0.808510638,0.1,1.638297872,2,0.808510638,0.1,0,0.290867374
2021,0,5,0.565217391,0.235294118,4.47826087,5,0.565217391,0.235294118,0,0.026179947
2021,0,1,0.722222222,0.204081633,3.361111111,-1,0.722222222,0.204081633,0.5,0.211663291
2021,0,-2,0.9,0.166666667,1.083333333,-2,0.9,0.166666667,0,0.41385203
2021,0,0,0.764705882,0.204081633,1.911764706,1,0.764705882,0.204081633,0.333333333,0.227847734
2021,0,2,0.833333333,0.204081633,3,2,0.833333333,0.204081633,0,0.399722954
