id,0,1
27,0.38495189927893014,0.6150481007210699
53,0.6384635666987016,0.36153643330129837
54,0.7835707857687139,0.2164292142312861
60,0.11024018874229369,0.8897598112577063
67,0.17376970642070766,0.8262302935792923
71,0.003962077054643798,0.9960379229453562
86,0.035887479508983744,0.9641125204910163
88,0.07658168224572492,0.9234183177542751
89,0.07440698090350795,0.925593019096492
92,0.641104548064302,0.35889545193569805
104,0.007983576884312393,0.9920164231156876
106,0.9469423920378824,0.053057607962117524
109,0.17183692088821756,0.8281630791117824
112,0.10625381267650502,0.893746187323495
129,0.43544886458081933,0.5645511354191807
132,0.013514873901241287,0.9864851260987587
135,0.4492815120249085,0.5507184879750915
141,0.7983357546498511,0.20166424535014899
148,0.06046187262810543,0.9395381273718946
153,0.06512071587476187,0.9348792841252381
156,0.34683592889865944,0.6531640711013406
187,0.5205058344531381,0.4794941655468618
196,0.4608207130887114,0.5391792869112886
197,0.07913644650921137,0.9208635534907886
198,0.06284047189797759,0.9371595281020224
203,0.005620972950456382,0.9943790270495436
204,0.2682079925301015,0.7317920074698985
221,0.5330403382329589,0.466959661767041
222,0.005421772817383763,0.9945782271826162
232,0.6089157922116841,0.39108420778831593
235,0.015617888617122544,0.9843821113828775
236,0.02501687023282939,0.9749831297671706
263,0.06736052768662681,0.9326394723133732
273,0.23114667328736505,0.768853326712635
292,0.029429156914789423,0.9705708430852106
322,0.23347552808607552,0.7665244719139245
327,0.017518313783082773,0.9824816862169172
329,0.31969406307370674,0.6803059369262933
347,0.027060787172067613,0.9729392128279324
351,0.31426003438878913,0.6857399656112109
369,0.3065827964206157,0.6934172035793843
370,0.8806065505647573,0.11939344943524266
374,0.3393956392532842,0.6606043607467158
375,0.08474534835651992,0.9152546516434801
378,0.8264579989773199,0.17354200102268014
388,0.009172470330950144,0.9908275296690499
391,0.15416439081506683,0.8458356091849332
394,0.0020155687617406937,0.9979844312382593
413,0.2675129393588266,0.7324870606411734
440,0.019524798278891753,0.9804752017211082
449,0.03504974310246156,0.9649502568975384
451,0.17261467565435384,0.8273853243456462
459,0.0011691017816937155,0.9988308982183063
475,0.06563013730999911,0.9343698626900009
560,0.3270762949981155,0.6729237050018845
577,0.17376713661721133,0.8262328633827887
584,0.32816759098352355,0.6718324090164765
585,0.14169307311216017,0.8583069268878398
588,0.20854913750158677,0.7914508624984132
599,0.6301024356187271,0.36989756438127286
604,0.016842850162023915,0.9831571498379761
605,0.10507861338457758,0.8949213866154224
607,0.12681679132856416,0.8731832086714358
612,0.7100783913427112,0.2899216086572888
628,0.5205058344531381,0.4794941655468618
633,0.0938660269064373,0.9061339730935627
643,0.18291618949815625,0.8170838105018438
660,0.01423180631814791,0.9857681936818521
664,0.519030703760266,0.48096929623973395
687,0.11024018874229369,0.8897598112577063
699,0.6988320076146919,0.30116799238530806
702,0.9818306568398649,0.01816934316013506
711,0.9911562203638324,0.008843779636167561
732,0.8046424410527835,0.19535755894721651
736,0.7537975434925777,0.24620245650742237
743,0.8449383984519225,0.15506160154807752
745,0.9868505191029839,0.013149480897016008
762,0.5985961685190923,0.40140383148090775
775,0.8752070992678073,0.12479290073219274
784,0.997663303334551,0.0023366966654490137
791,0.7472062533886139,0.2527937466113861
795,0.8822279792637414,0.11777202073625861
802,0.7572787547847764,0.2427212452152236
814,0.8045244525223012,0.19547554747769874
826,0.9926240007188081,0.007375999281191936
830,0.9942190632564806,0.005780936743519419
835,0.9975678764513018,0.0024321235486981442
838,0.9949079186156017,0.0050920813843983006
844,0.35003169061765604,0.649968309382344
854,0.34342084809654727,0.6565791519034527
890,0.9768370636796223,0.02316293632037764
924,0.6836733025138702,0.3163266974861298
925,0.4118700536786992,0.5881299463213008
928,0.9807069482536025,0.01929305174639748
934,0.6060615192458553,0.3939384807541447
954,0.9939785321056889,0.006021467894311078
969,0.9399655648378719,0.060034435162128134
981,0.9857187279833368,0.014281272016663207
991,0.7980686410246283,0.20193135897537173
1013,0.994147426723637,0.005852573276363042
1076,0.5304887654908002,0.4695112345091998
1082,0.9932782934848539,0.006721706515146192
1103,0.9849223646902716,0.015077635309728422
1108,0.9229775585382828,0.07702244146171724
1133,0.9627393733508345,0.03726062664916555
1139,0.9979833977393885,0.002016602260611537
1149,0.9574868995540671,0.042513100445932976
1157,0.904997416720728,0.095002583279272
1175,0.9627393733508345,0.03726062664916555
1182,0.8895060120009505,0.11049398799904955
1187,0.3992580937204502,0.6007419062795498
1190,0.27865985862286946,0.7213401413771305
1192,0.9694295722168581,0.0305704277831419
1193,0.8843703725787668,0.11562962742123313
1226,0.6899490177956418,0.3100509822043583
1228,0.6876511842010047,0.3123488157989953
1238,0.5208604243291557,0.4791395756708443
1242,0.9895510005601302,0.010448999439869785
1247,0.516259789480914,0.48374021051908606
1248,0.48704203895162523,0.5129579610483748
1255,0.9680350851327479,0.03196491486725202
1261,0.909289842782188,0.09071015721781195
1263,0.9827602175914238,0.01723978240857621
1265,0.3901065003287657,0.6098934996712343
1268,0.9684204361543048,0.031579563845695185
1272,0.4353644824629159,0.5646355175370841
1277,0.8745199916803025,0.12548000831969752
1288,0.8392920205310492,0.1607079794689507
1299,0.8836728875594544,0.1163271124405456
1303,0.9917503431754295,0.008249656824570488
1305,0.12488258693778664,0.8751174130622134
1338,0.997704279237307,0.0022957207626929724
1349,0.903635103072231,0.09636489692776891
1353,0.9545329812050434,0.04546701879495664
1354,0.08471754274158705,0.915282457258413
1362,0.7179034150016247,0.2820965849983753
1375,0.33980522806440183,0.6601947719355982
1381,0.9003726974560593,0.09962730254394075
1384,0.5924241135098971,0.4075758864901029
13,0.010195092564354025,0.989804907435646
30,0.34290275581752105,0.657097244182479
32,0.019700267723964715,0.9802997322760353
33,0.09548707016162572,0.9045129298383743
39,0.21418745581986798,0.785812544180132
41,0.254009873895932,0.745990126104068
48,0.18840330682356243,0.8115966931764376
51,0.5452296898583475,0.4547703101416525
63,0.017665004347349966,0.98233499565265
68,0.7999221129715063,0.2000778870284937
73,0.029230607575150724,0.9707693924248493
78,0.04789810287838292,0.9521018971216171
84,0.026755145656022217,0.9732448543439778
94,0.015333835912548777,0.9846661640874512
107,0.2673793498608775,0.7326206501391225
113,0.10849887584350693,0.8915011241564931
125,0.8006114563277188,0.19938854367228118
130,0.6314962130114666,0.36850378698853337
139,0.05282843268232851,0.9471715673176715
140,0.26470793538560766,0.7352920646143923
181,0.0030069796176988017,0.9969930203823012
182,0.18840330682356243,0.8115966931764376
186,0.3469119916271244,0.6530880083728756
188,0.5199280547208335,0.4800719452791665
199,0.005929007262502672,0.9940709927374973
216,0.011626956497601038,0.988373043502399
220,0.008433037496994533,0.9915669625030055
229,0.13166628471445008,0.8683337152855499
242,0.9406563909094323,0.059343609090567705
252,0.21961820539427335,0.7803817946057267
261,0.005707137060468104,0.9942928629395319
267,0.02241382196546149,0.9775861780345385
269,0.13671892580672462,0.8632810741932754
270,0.0429145618019261,0.9570854381980739
279,0.013913881558856644,0.9860861184411434
297,0.137506052194305,0.862493947805695
301,0.17730250074956666,0.8226974992504333
309,0.4702810277549615,0.5297189722450385
339,0.10965390282056697,0.890346097179433
343,0.2750062805198773,0.7249937194801227
361,0.360982546759295,0.639017453240705
431,0.051009246256264795,0.9489907537437352
435,0.6538262983437939,0.34617370165620603
436,0.05355912917776595,0.946440870822234
439,0.5138495414191517,0.4861504585808482
453,0.006750646082254952,0.993249353917745
460,0.0033009459408570585,0.9966990540591429
476,0.38911389234030846,0.6108861076596915
496,0.15577940290955306,0.844220597090447
498,0.827421545822184,0.17257845417781603
504,0.022602948485361152,0.9773970515146388
511,0.029224226860168012,0.970775773139832
518,0.4400487866105537,0.5599512133894463
533,0.044483136812272894,0.9555168631877271
556,0.06094131646931478,0.9390586835306852
566,0.11026385716352338,0.8897361428364766
580,0.008788406290700657,0.9912115937092993
587,0.09429103717825538,0.9057089628217446
598,0.38307269390634535,0.6169273060936546
601,0.22877938933190645,0.7712206106680936
625,0.2921304427040641,0.7078695572959359
631,0.0019927281537446273,0.9980072718462554
638,0.4810599706128844,0.5189400293871156
676,0.628429320797262,0.37157067920273806
678,0.3813304240601959,0.6186695759398041
680,0.06068758383010309,0.9393124161698969
685,0.8772404284976558,0.12275957150234423
688,0.08801086879663844,0.9119891312033616
689,0.32350705983596906,0.6764929401640309
692,0.09306891572934495,0.906931084270655
700,0.7443193264366752,0.25568067356332475
716,0.8821213694338756,0.11787863056612441
748,0.0693952251402491,0.9306047748597509
761,0.44695153298606183,0.5530484670139382
779,0.9942997697058295,0.005700230294170531
798,0.5623148938879747,0.4376851061120252
808,0.9492401442488267,0.05075985575117328
815,0.23281899314439092,0.7671810068556091
819,0.8234138427230621,0.1765861572769379
839,0.11104200287737909,0.8889579971226209
855,0.6479987431488268,0.3520012568511733
860,0.9453639981471873,0.05463600185281274
866,0.2283169316160234,0.7716830683839766
874,0.9256021862325196,0.07439781376748043
877,0.8380685174272586,0.16193148257274137
878,0.7226904712479602,0.27730952875203985
894,0.9619671487711274,0.03803285122887254
898,0.98809656564497,0.01190343435503005
899,0.6668363479130519,0.33316365208694804
905,0.9531999765584215,0.04680002344157854
910,0.9079126071149718,0.09208739288502817
916,0.7281485326367779,0.2718514673632221
945,0.8184672818671634,0.1815327181328366
968,0.9929940650088768,0.0070059349911232045
977,0.9490186725150591,0.05098132748494091
984,0.7660831651566752,0.23391683484332484
994,0.9695017960144531,0.030498203985546896
996,0.5879588572193046,0.4120411427806953
1021,0.9966432195786216,0.003356780421378466
1030,0.981073036251126,0.018926963748874086
1041,0.2167236081148154,0.7832763918851846
1049,0.8292175379324218,0.17078246206757816
1073,0.49677955190055745,0.5032204480994426
1077,0.9510777821837628,0.0489222178162372
1084,0.9504006207823223,0.04959937921767763
1085,0.967417369378219,0.032582630621781024
1109,0.9125086070209066,0.08749139297909336
1127,0.44138303729502404,0.558616962704976
1130,0.5635848483551877,0.43641515164481226
1131,0.8525881264101398,0.14741187358986024
1152,0.9995758238292355,0.0004241761707645418
1156,0.8214899247607452,0.17851007523925475
1177,0.2432204264919594,0.7567795735080406
1180,0.9791995178577462,0.020800482142253857
1197,0.974002554923428,0.025997445076571993
1224,0.8741689468525142,0.12583105314748577
1235,0.5734505629730864,0.4265494370269136
1266,0.9794715690020108,0.020528430997989136
1271,0.9785356090578596,0.02146439094214036
1274,0.9586743701498697,0.041325629850130295
1289,0.9903372522067546,0.009662747793245413
1298,0.9069660440296865,0.09303395597031344
1300,0.9490186725150591,0.05098132748494091
1310,0.9766493575054706,0.023350642494529436
1311,0.9373574628024426,0.06264253719755736
1312,0.8338101114688957,0.16618988853110425
1314,0.8257150102666175,0.17428498973338244
1324,0.9651289109692942,0.034871089030705786
1327,0.9826320615568306,0.01736793844316945
1329,0.9462898030477876,0.05371019695221235
1341,0.03481846518388321,0.9651815348161168
1346,0.9583399543223585,0.041660045677641436
1347,0.9867184583508294,0.013281541649170593
1356,0.9551035670836171,0.04489643291638293
1357,0.40610483442580125,0.5938951655741987
1359,0.8105502891649323,0.1894497108350677
1370,0.6909879030621486,0.30901209693785137
1371,0.15340500640900945,0.8465949935909906
1383,0.05793832937878418,0.9420616706212158
7,0.21455537097730304,0.785444629022697
11,0.2032880561155448,0.7967119438844552
87,0.4711669682470748,0.5288330317529252
95,0.712157896101656,0.28784210389834397
96,0.1418403989405569,0.8581596010594431
111,0.4400575407918984,0.5599424592081016
114,0.6641158068453421,0.33588419315465795
117,0.31078245299366103,0.689217547006339
119,0.27921999981883505,0.720780000181165
136,0.014608338707045254,0.9853916612929547
157,0.01458306767480988,0.9854169323251901
172,0.4928931943741772,0.5071068056258228
174,0.2906742025732345,0.7093257974267655
184,0.050878094464519075,0.9491219055354809
194,0.36738406860162076,0.6326159313983792
195,0.007032161946664894,0.9929678380533351
200,0.5749750690777249,0.4250249309222751
201,0.06873125262475155,0.9312687473752485
207,0.3441888357321098,0.6558111642678902
213,0.5341446324100374,0.4658553675899626
247,0.20110661812991137,0.7988933818700886
248,0.15160069219502437,0.8483993078049756
257,0.015285278718064288,0.9847147212819357
260,0.011897699518049532,0.9881023004819505
265,0.026125075888230098,0.9738749241117699
285,0.8591767045767847,0.14082329542321526
294,0.4710331500363536,0.5289668499636464
305,0.35587917716193085,0.6441208228380692
308,0.06852503514822472,0.9314749648517753
312,0.14177432556110958,0.8582256744388904
318,0.14642002570781665,0.8535799742921834
319,0.5503880671247239,0.4496119328752762
323,0.0005269137504674282,0.9994730862495326
331,0.04427947421348577,0.9557205257865142
338,0.04934370784746378,0.9506562921525362
345,0.001383901722863512,0.9986160982771365
357,0.04679879658847952,0.9532012034115205
362,0.17249067172390709,0.8275093282760929
373,0.08167666275382868,0.9183233372461713
395,0.4609643671181286,0.5390356328818714
400,0.11537334542273392,0.8846266545772661
404,0.1878443210100531,0.8121556789899469
415,0.05831951367535437,0.9416804863246456
417,0.6518563782226847,0.34814362177731534
419,0.4586014080264945,0.5413985919735055
425,0.3177896522656637,0.6822103477343363
441,0.05817288730528358,0.9418271126947164
444,0.08337275930531718,0.9166272406946828
468,0.13826796111544037,0.8617320388845596
480,0.09300843581175577,0.9069915641882442
483,0.19205471027871424,0.8079452897212858
490,0.38913947806616456,0.6108605219338354
495,0.503390073294323,0.49660992670567705
499,0.030500364411768732,0.9694996355882313
503,0.48101917309134057,0.5189808269086594
512,0.00946860634698432,0.9905313936530157
513,0.0007832839428875138,0.9992167160571125
558,0.4195747809846343,0.5804252190153657
562,0.11327015306252353,0.8867298469374765
572,0.6238612383118218,0.3761387616881781
586,0.023933770042480207,0.9760662299575198
606,0.19666702507487288,0.8033329749251271
610,0.15729033531016812,0.8427096646898319
620,0.5714958419997018,0.42850415800029823
621,0.25460880464194424,0.7453911953580558
632,0.05299940849518936,0.9470005915048106
648,0.9935331565050882,0.006466843494911829
657,0.008624618924425453,0.9913753810755745
667,0.2512242402113053,0.7487757597886947
669,0.25919762980601024,0.7408023701939898
698,0.9100511602008915,0.08994883979910849
707,0.9930385370551296,0.006961462944870395
731,0.8800745513134628,0.1199254486865372
733,0.9871683930114666,0.012831606988533343
742,0.46302037471584834,0.5369796252841517
749,0.6174375423296059,0.38256245767039415
758,0.926600760753289,0.07339923924671096
772,0.9918804205648837,0.008119579435116278
777,0.9479730699740356,0.05202693002596438
781,0.9097393639433966,0.09026063605660334
783,0.9850663801013464,0.01493361989865358
785,0.8925197621356127,0.10748023786438726
787,0.9015121519367743,0.09848784806322573
803,0.932602348362954,0.06739765163704604
806,0.7961843980412139,0.20381560195878612
817,0.3019925821972623,0.6980074178027377
824,0.9956402550724096,0.004359744927590344
858,0.3821663128586468,0.6178336871413532
861,0.709821304543803,0.290178695456197
863,0.8069955018198776,0.19300449818012239
868,0.9528906420714582,0.04710935792854173
875,0.7964623486918141,0.20353765130818588
885,0.8945357988730887,0.10546420112691134
888,0.9903875035966322,0.0096124964033678
900,0.6133523332685019,0.3866476667314981
920,0.36800556632339954,0.6319944336766005
927,0.48901481523295387,0.5109851847670461
933,0.7649469939226532,0.23505300607734675
948,0.849103295917096,0.150896704082904
955,0.6311209588779658,0.36887904112203423
957,0.460838026505313,0.539161973494687
962,0.5973138738301899,0.40268612616981014
978,0.5970631749191366,0.4029368250808633
980,0.7705972967428217,0.2294027032571783
983,0.8693457401460604,0.13065425985393966
999,0.29327706449454205,0.706722935505458
1004,0.7603247951670604,0.23967520483293958
1009,0.9971299595346554,0.002870040465344561
1014,0.8706368332737879,0.12936316672621204
1037,0.9010108977434181,0.09898910225658186
1046,0.7265824025976095,0.27341759740239047
1054,0.6909937043377798,0.3090062956622202
1061,0.4044379254048923,0.5955620745951077
1068,0.8768162796211089,0.12318372037889112
1069,0.6048861642439212,0.3951138357560789
1074,0.9868035682130689,0.013196431786931105
1091,0.998720061983249,0.0012799380167510038
1132,0.1249192890776788,0.8750807109223212
1135,0.960223862317362,0.039776137682638026
1140,0.9920242699440484,0.007975730055951685
1142,0.7935154969989312,0.20648450300106877
1146,0.9906328255885894,0.009367174411410568
1151,0.8758378679846128,0.12416213201538716
1155,0.9651871629716672,0.034812837028332856
1167,0.880589363620828,0.11941063637917206
1171,0.7650342369477072,0.23496576305229272
1173,0.8909789458975492,0.10902105410245073
1199,0.9989732840237869,0.0010267159762130976
1241,0.7065486882675699,0.2934513117324301
1291,0.4567389571361957,0.5432610428638043
1297,0.7810988221233022,0.21890117787669783
1301,0.6387311339037316,0.36126886609626835
1309,0.8446446423719118,0.15535535762808816
1318,0.9510854579482565,0.04891454205174348
1332,0.9660311546695692,0.03396884533043074
1344,0.7474042779497477,0.25259572205025227
1358,0.7449336422159454,0.2550663577840546
1377,0.922953138917576,0.07704686108242403
1380,0.8256268038383594,0.17437319616164057
2,0.00572060206184366,0.9942793979381563
5,0.07404616481416504,0.925953835185835
9,0.10620021467062035,0.8937997853293796
26,0.020887471318722373,0.9791125286812776
35,0.7100788519730112,0.2899211480269887
36,0.6727761769547809,0.3272238230452192
38,0.1499025439157835,0.8500974560842165
40,0.020643012976687802,0.9793569870233122
50,0.11900276917692565,0.8809972308230744
61,0.3943059103493086,0.6056940896506914
66,0.47827342824772,0.52172657175228
70,0.02820757172212862,0.9717924282778714
80,0.007431842004686162,0.9925681579953138
91,0.004806788905601489,0.9951932110943985
102,0.24385220222392312,0.7561477977760769
108,0.7757782166387766,0.22422178336122348
116,0.2284479719827407,0.7715520280172593
122,0.34456067905446397,0.655439320945536
142,0.0056804462150426005,0.9943195537849574
169,0.741427338231158,0.2585726617688419
179,0.3720648821671575,0.6279351178328425
185,0.11838877659852454,0.8816112234014755
208,0.00572060206184366,0.9942793979381563
224,0.7928792000669476,0.2071207999330525
226,0.678191022025068,0.32180897797493196
238,0.1469701799360722,0.8530298200639278
246,0.07539905324066298,0.924600946759337
266,0.04526627178198084,0.9547337282180192
272,0.00895221652518785,0.9910477834748121
278,0.023156755444898924,0.9768432445551011
280,0.49989589088704767,0.5001041091129523
283,0.06991911299314357,0.9300808870068564
290,0.06977577918226319,0.9302242208177368
293,0.17720790126815478,0.8227920987318452
334,0.8605915537044369,0.1394084462955632
337,0.03580809915929639,0.9641919008407036
349,0.13918615772619003,0.86081384227381
354,0.8638019592266222,0.13619804077337788
387,0.22090452071735245,0.7790954792826476
390,0.6991019975911144,0.3008980024088856
393,0.13456583117162857,0.8654341688283714
396,0.049748195264267214,0.9502518047357328
428,0.5992308945921807,0.4007691054078193
454,0.008493838476030025,0.99150616152397
464,0.16498893517730195,0.835011064822698
471,0.01150608361318628,0.9884939163868137
500,0.17657389847701155,0.8234261015229885
509,0.09375515887322494,0.9062448411267751
515,0.036493809114252374,0.9635061908857476
522,0.08927780173049216,0.9107221982695078
530,0.023242660433282714,0.9767573395667173
534,0.03365601665982232,0.9663439833401777
537,0.11993018049731385,0.8800698195026861
543,0.3045921767818748,0.6954078232181252
547,0.06101174318243996,0.93898825681756
557,0.25439402964432045,0.7456059703556795
568,0.311657477652743,0.688342522347257
576,0.11642470543394967,0.8835752945660503
590,0.7335084793880196,0.26649152061198045
611,0.6398551830290256,0.36014481697097445
615,0.17468332179277413,0.8253166782072259
619,0.09818832035785607,0.9018116796421439
642,0.1686198054896203,0.8313801945103797
647,0.021709510596942927,0.9782904894030571
654,0.030350611961681317,0.9696493880383187
663,0.045557494954723166,0.9544425050452768
668,0.28595884967872554,0.7140411503212745
683,0.19338213002828153,0.8066178699717185
690,0.686971538462365,0.31302846153763497
708,0.9826653891101654,0.017334610889834564
709,0.2938382565140185,0.7061617434859815
717,0.7774543212327948,0.2225456787672052
722,0.9189839429060285,0.0810160570939715
729,0.21297783648436808,0.7870221635156319
734,0.8331545192822178,0.16684548071778216
744,0.22652392900245844,0.7734760709975416
756,0.9776270201280559,0.022372979871944063
760,0.8222205670066602,0.17777943299333976
767,0.45439761810012247,0.5456023818998775
771,0.9620107933215967,0.03798920667840339
774,0.9929800587490465,0.007019941250953547
776,0.7957351767508815,0.20426482324911854
782,0.7015849095535683,0.29841509044643166
790,0.6235833335970205,0.3764166664029795
801,0.7952571526112494,0.2047428473887506
818,0.2700805283968596,0.7299194716031404
821,0.34079101840836046,0.6592089815916395
828,0.9148769077042773,0.08512309229572262
834,0.2406030475353561,0.7593969524646439
856,0.9274771928658773,0.07252280713412276
872,0.5145323454848543,0.4854676545151457
876,0.5346146773021514,0.4653853226978486
880,0.5127179743874398,0.4872820256125602
897,0.5462982624395651,0.4537017375604349
904,0.9764924233468317,0.023507576653168313
923,0.47227025655083643,0.5277297434491636
929,0.786273609232708,0.21372639076729208
936,0.925536265494321,0.07446373450567903
940,0.3564670832868707,0.6435329167131293
941,0.8015968145429218,0.19840318545707827
946,0.9757155702719031,0.024284429728096805
949,0.8493014968969304,0.1506985031030697
974,0.9389387806010865,0.061061219398913555
1002,0.3980043338591477,0.6019956661408523
1005,0.8692464451275779,0.13075355487242207
1047,0.4976686978202759,0.5023313021797241
1083,0.22448894008037812,0.7755110599196219
1092,0.9887615031770655,0.011238496822934523
1096,0.850407546715549,0.14959245328445103
1099,0.9839549053935509,0.016045094606449053
1124,0.9072214290979663,0.09277857090203366
1138,0.850712794631113,0.14928720536888698
1143,0.9900413924031027,0.00995860759689725
1158,0.6955795446682211,0.3044204553317788
1160,0.981831700855132,0.018168299144867926
1184,0.8265783799039056,0.1734216200960944
1188,0.3952862911417816,0.6047137088582184
1194,0.036032383954599956,0.9639676160454
1196,0.48138736295426665,0.5186126370457333
1207,0.9329200651424703,0.06707993485752971
1221,0.46616821654882956,0.5338317834511704
1229,0.90109203990464,0.09890796009535997
1236,0.5033275492906444,0.4966724507093557
1237,0.5852742675383189,0.4147257324616811
1244,0.8203225520017265,0.17967744799827345
1253,0.7922487437653231,0.2077512562346769
1260,0.7082368468660394,0.29176315313396056
1262,0.6444107150135316,0.3555892849864683
1270,0.8913165187925718,0.10868348120742825
1280,0.9836390773179295,0.01636092268207048
1319,0.5722049561168605,0.4277950438831395
1331,0.26528731789004434,0.7347126821099557
1337,0.14744320511202014,0.8525567948879799
1339,0.6253170303948543,0.37468296960514574
1343,0.9647429287953243,0.035257071204675694
1374,0.29060367556943745,0.7093963244305626
1378,0.19484235862788446,0.8051576413721155
1379,0.5498792910225843,0.4501207089774157
1385,0.7310219613641167,0.26897803863588327
3,0.01663544209668333,0.9833645579033167
4,0.2079570066361347,0.7920429933638653
8,0.07073730333307604,0.929262696666924
10,0.3859630431101284,0.6140369568898716
21,0.0016143753863732124,0.9983856246136268
22,0.013818999349315964,0.986181000650684
25,0.14059656895939288,0.8594034310406071
69,0.08519998080633917,0.9148000191936608
76,0.02291840105076126,0.9770815989492387
85,0.031123891316013452,0.9688761086839865
101,0.006266908984782549,0.9937330910152175
103,0.05529939478118806,0.9447006052188119
127,0.0007335652529379955,0.999266434747062
133,0.010889487772036577,0.9891105122279634
138,0.06236536377854862,0.9376346362214514
146,0.6802052505533005,0.31979474944669944
149,0.25128714532220753,0.7487128546777925
160,0.20377207290726418,0.7962279270927358
164,0.274358608104048,0.725641391895952
165,0.3778803245511776,0.6221196754488224
175,0.27992325796742723,0.7200767420325728
211,0.046651300124773254,0.9533486998752267
228,0.07069230318581077,0.9293076968141892
231,0.5084771652529105,0.49152283474708947
241,0.4189647673506104,0.5810352326493896
243,0.06208234055801287,0.9379176594419871
244,0.3557275418077591,0.6442724581922409
250,0.39090055264948165,0.6090994473505184
254,0.22188232116787732,0.7781176788321227
255,0.5685916674416609,0.4314083325583391
259,0.010299445538355045,0.989700554461645
275,0.015911106420374743,0.9840888935796253
300,0.48324164728613406,0.5167583527138659
304,0.17529649796335567,0.8247035020366443
306,0.5169196185342073,0.4830803814657927
316,0.026341151426103937,0.9736588485738961
321,0.20234100314554793,0.7976589968544521
325,0.020557976003585776,0.9794420239964142
328,0.0010678732923176115,0.9989321267076824
335,0.0032604506897867536,0.9967395493102132
341,0.5656035237021713,0.4343964762978288
342,0.4487632020206689,0.5512367979793311
350,0.6687928424358277,0.3312071575641723
353,0.22167513863520016,0.7783248613647998
363,0.3533092748281095,0.6466907251718905
381,0.004680355089989874,0.9953196449100101
383,0.7657611350142127,0.2342388649857873
385,0.14172671735625386,0.8582732826437461
418,0.006780479565097752,0.9932195204349022
455,0.044544345566901566,0.9554556544330984
466,0.4008792729461498,0.5991207270538502
479,0.4080711432109285,0.5919288567890715
494,0.4200341356596867,0.5799658643403133
506,0.0020209402751225625,0.9979790597248774
507,0.11944350534117754,0.8805564946588225
508,0.12059682935164562,0.8794031706483544
539,0.00913159397157659,0.9908684060284234
544,0.5566226492027287,0.44337735079727125
551,0.11646588814300807,0.8835341118569919
593,0.0088446357491051,0.9911553642508949
613,0.1415220680138468,0.8584779319861532
614,0.6035121090639486,0.3964878909360514
639,0.028720621035616234,0.9712793789643838
641,0.0014586250001638046,0.9985413749998362
644,0.2660836714392093,0.7339163285607907
665,0.5925559188537792,0.4074440811462207
673,0.44935845851635714,0.5506415414836429
674,0.023820565275442407,0.9761794347245576
682,0.1196499733312586,0.8803500266687414
712,0.9927108944298324,0.00728910557016765
715,0.9883828201724422,0.011617179827557797
738,0.9630424196767176,0.036957580323282474
754,0.7741743852993594,0.22582561470064058
764,0.99445711455817,0.005542885441830001
768,0.9949982006762336,0.005001799323766462
796,0.8549181190602894,0.1450818809397106
797,0.9311519994506837,0.06884800054931625
804,0.401917647471287,0.598082352528713
809,0.6946796912054325,0.30532030879456745
820,0.9526250473334797,0.047374952666520254
827,0.9995254154319165,0.0004745845680834997
843,0.8305613128275771,0.16943868717242297
853,0.9660330583956184,0.033966941604381594
865,0.5207805924053475,0.4792194075946525
881,0.4808744081240395,0.5191255918759605
882,0.854316691731934,0.14568330826806591
901,0.9983412917716203,0.0016587082283796056
908,0.9742041054435535,0.025795894556446503
932,0.025722996290334588,0.9742770037096654
937,0.7588497088390563,0.2411502911609437
944,0.8984455316482749,0.10155446835172506
950,0.7966204438171798,0.20337955618282028
956,0.9265612537001654,0.0734387462998346
970,0.9955944388078573,0.004405561192142726
989,0.39669071543535206,0.6033092845646479
993,0.6769685196914111,0.32303148030858886
1006,0.8612786667166359,0.13872133328336408
1007,0.3629329562514231,0.6370670437485769
1016,0.9962292639467951,0.0037707360532048865
1017,0.3063943689736266,0.6936056310263734
1019,0.9994074657879122,0.0005925342120878547
1025,0.1924701334508112,0.8075298665491888
1038,0.8120201956164139,0.1879798043835861
1065,0.9200934749271436,0.07990652507285641
1075,0.9445301521092777,0.05546984789072229
1078,0.9055536526038087,0.09444634739619133
1089,0.9924688584725343,0.0075311415274657055
1093,0.6419688021648473,0.35803119783515264
1094,0.9973797058685261,0.0026202941314739203
1095,0.8835592054307287,0.11644079456927126
1100,0.48777083894779383,0.5122291610522062
1106,0.8797851555510667,0.1202148444489333
1113,0.6559093587690821,0.344090641230918
1117,0.9599047427547013,0.040095257245298756
1126,0.44920602095363393,0.5507939790463661
1128,0.3173809326894258,0.6826190673105742
1129,0.9794911381031304,0.020508861896869658
1144,0.6916565822771371,0.3083434177228629
1148,0.9820949187101056,0.01790508128989445
1161,0.5998152085440618,0.4001847914559382
1164,0.9982670846674049,0.001732915332595114
1166,0.9643788558817654,0.035621144118234624
1186,0.9023041138129264,0.09769588618707364
1198,0.8774032959689158,0.12259670403108426
1202,0.9927774815500708,0.00722251844992916
1204,0.9479773576730571,0.05202264232694292
1209,0.9995739372428762,0.00042606275712376353
1211,0.6530798501910398,0.3469201498089602
1213,0.16785553657137753,0.8321444634286225
1249,0.7522273850479255,0.24777261495207453
1264,0.9763763908742918,0.023623609125708208
1278,0.4097291018361928,0.5902708981638072
1292,0.41550750833390093,0.5844924916660991
1307,0.6591620726718045,0.3408379273281955
1320,0.9377140139242973,0.06228598607570265
1323,0.9743837167887185,0.025616283211281465
1333,0.9347500658860044,0.06524993411399564
1340,0.9350132458815089,0.06498675411849109
1376,0.7289577443526399,0.27104225564736006
0,0.02244910475174422,0.9775508952482558
6,0.30098955543622585,0.6990104445637741
14,0.045276143383769174,0.9547238566162308
15,0.015862539553318622,0.9841374604466814
23,0.10676696368642347,0.8932330363135765
34,0.2327827651760377,0.7672172348239623
42,0.7829777867559753,0.21702221324402465
64,0.017178660899687337,0.9828213391003127
74,0.17922846602931508,0.8207715339706849
105,0.40311357066516484,0.5968864293348352
120,0.07175007804919431,0.9282499219508057
126,0.278446720684121,0.721553279315879
155,0.7793561435345795,0.22064385646542053
162,0.4264678409808107,0.5735321590191893
163,0.10363080077185516,0.8963691992281448
168,0.15064431045047277,0.8493556895495272
171,0.44946065384119716,0.5505393461588028
180,0.3257414653874827,0.6742585346125173
190,0.009161854685228787,0.9908381453147712
192,0.34002276409803056,0.6599772359019694
193,0.14674469886885166,0.8532553011311483
209,0.1315950306352346,0.8684049693647654
218,0.025771071351812003,0.974228928648188
230,0.5667233111939218,0.4332766888060782
234,0.6803113841364332,0.31968861586356684
237,0.35410144503632723,0.6458985549636728
251,0.17651156095723197,0.823488439042768
320,0.04938327156755995,0.95061672843244
333,0.004428962035337269,0.9955710379646627
346,0.16585094117962718,0.8341490588203728
371,0.39167830716324514,0.6083216928367549
380,0.38971908660769483,0.6102809133923052
392,0.05331239159844625,0.9466876084015537
398,0.004252978734972657,0.9957470212650273
399,0.041067676331443925,0.9589323236685561
421,0.05250958214209811,0.9474904178579019
422,0.09956295094646295,0.900437049053537
437,0.7525075527235902,0.24749244727640984
442,0.10326785176942199,0.896732148230578
458,0.35410144503632723,0.6458985549636728
467,0.06563732755951024,0.9343626724404898
473,0.07730842081040523,0.9226915791895948
478,0.1788473612488184,0.8211526387511816
481,0.13889275492409514,0.8611072450759049
492,0.2430791666174279,0.7569208333825721
501,0.931818486976097,0.06818151302390295
505,0.5125178952431115,0.48748210475688847
510,0.8632088696820459,0.13679113031795406
516,0.028746040647812277,0.9712539593521877
519,0.5640866167683309,0.435913383231669
527,0.03455025873202988,0.9654497412679701
536,0.21521033867067785,0.7847896613293222
540,0.16148719639815756,0.8385128036018424
542,0.1295502936444406,0.8704497063555594
545,0.8811277281320008,0.11887227186799922
546,0.03553492878730402,0.964465071212696
573,0.0407520507284056,0.9592479492715944
574,0.012057219724515122,0.9879427802754849
582,0.014765366699214577,0.9852346333007854
592,0.13564941325982638,0.8643505867401736
595,0.2434210247927332,0.7565789752072668
609,0.28431497050748733,0.7156850294925127
623,0.17651156095723197,0.823488439042768
627,0.4074142596731293,0.5925857403268707
637,0.07421630128332957,0.9257836987166704
646,0.548729722698988,0.451270277301012
670,0.06039539653692105,0.939604603463079
671,0.05860590358556772,0.9413940964144323
679,0.21521033867067785,0.7847896613293222
719,0.90733974037185,0.09266025962815004
726,0.6790276702443654,0.32097232975563456
730,0.8412240985273093,0.15877590147269072
739,0.5968204182963943,0.40317958170360574
747,0.5346779519153481,0.46532204808465194
757,0.9550903416683113,0.044909658331688744
769,0.665449522301936,0.334550477698064
778,0.8948264119369852,0.1051735880630148
807,0.38997539590444696,0.610024604095553
831,0.9344863013969706,0.0655136986030293
840,0.5958634286530692,0.4041365713469308
859,0.9116069917996669,0.0883930082003331
879,0.4457479734841766,0.5542520265158234
883,0.9909710953715904,0.009028904628409521
889,0.8152806825459432,0.18471931745405681
902,0.8555909328049717,0.1444090671950283
903,0.8061300870767301,0.19386991292326997
911,0.9407321808149541,0.05926781918504588
922,0.8952947094785494,0.10470529052145058
938,0.760640683121869,0.2393593168781309
951,0.7413110350802627,0.25868896491973725
966,0.6605226619949209,0.33947733800507907
975,0.8642005933883806,0.13579940661161938
982,0.49655975149591314,0.5034402485040869
990,0.5858372791072128,0.4141627208927872
1003,0.26929502792387083,0.7307049720761292
1008,0.28477450589376685,0.7152254941062332
1010,0.9775682773055774,0.022431722694422625
1011,0.849594578364841,0.150405421635159
1012,0.6268489881871244,0.37315101181287563
1028,0.9931834393746741,0.006816560625325911
1031,0.9761442110370709,0.023855788962929052
1032,0.7726205175721768,0.22737948242782327
1042,0.7058821850159152,0.2941178149840848
1048,0.9415269479839574,0.05847305201604256
1051,0.6940465889693788,0.3059534110306213
1063,0.22364885467392204,0.776351145326078
1072,0.9393013823806092,0.06069861761939079
1080,0.8845956332151316,0.11540436678486839
1088,0.743580463288696,0.25641953671130396
1098,0.9940285382799391,0.005971461720060887
1101,0.951290625518831,0.048709374481168966
1102,0.955129624181279,0.04487037581872099
1104,0.5079718582483361,0.49202814175166387
1111,0.9798653925996589,0.020134607400341117
1112,0.49665312976337994,0.5033468702366201
1123,0.8952947094785494,0.10470529052145058
1137,0.8227239558721293,0.1772760441278707
1141,0.3303781253678436,0.6696218746321564
1145,0.8429581162280706,0.15704188377192935
1147,0.9752732341036648,0.024726765896335115
1163,0.6321251665349541,0.36787483346504596
1170,0.5356268367219967,0.4643731632780032
1189,0.8028888332249287,0.19711116677507137
1195,0.185339678643357,0.814660321356643
1210,0.8059481301401454,0.19405186985985454
1217,0.4905512196739482,0.5094487803260518
1227,0.9519650691709551,0.048034930829044864
1246,0.7948734919011017,0.20512650809889832
1251,0.9167205928866307,0.0832794071133694
1252,0.7045908435434372,0.2954091564565629
1267,0.971802605486413,0.028197394513587038
1286,0.9835529769247279,0.016447023075272137
1293,0.9447737790296943,0.05522622097030573
1335,0.7017023796516165,0.2982976203483835
1336,0.976616611659999,0.023383388340000984
1348,0.9331277603251034,0.06687223967489658
1367,0.945812086972526,0.05418791302747401
1368,0.6213179842806009,0.37868201571939913
1382,0.45216859681695065,0.5478314031830493
12,0.10207987105705041,0.8979201289429496
16,0.4898936417472036,0.5101063582527964
28,0.6074038010532182,0.39259619894678177
29,0.04625444962715852,0.9537455503728415
49,0.48165665481545983,0.5183433451845402
52,0.05291269522444908,0.9470873047755509
55,0.7405434897864183,0.2594565102135818
98,0.028572777373155667,0.9714272226268443
121,0.10547486599572098,0.894525134004279
128,0.6993887503992641,0.30061124960073593
144,0.1259255615888346,0.8740744384111654
161,0.45205462112052,0.54794537887948
166,0.0281326158662909,0.9718673841337091
212,0.03592245298010188,0.9640775470198981
214,0.15541047823227083,0.8445895217677292
219,0.0248255101518553,0.9751744898481447
233,0.31515684631549257,0.6848431536845074
239,0.8457181334107966,0.15428186658920334
277,0.01585685581602192,0.9841431441839781
281,0.02389674248813578,0.9761032575118642
284,0.10357858644170825,0.8964214135582917
291,0.20380538258658654,0.7961946174134135
313,0.06017664236909892,0.9398233576309011
336,0.017633902446283822,0.9823660975537162
340,0.05104001295690008,0.9489599870430999
344,0.0794474217161395,0.9205525782838605
348,0.5423987063838295,0.4576012936161705
355,0.2067809029882094,0.7932190970117906
358,0.229736213585517,0.770263786414483
364,0.38285685580244244,0.6171431441975576
366,0.3324999119294423,0.6675000880705577
367,0.025743538842678992,0.974256461157321
368,0.319848581352007,0.680151418647993
379,0.008917424887678771,0.9910825751123212
407,0.04192168335839319,0.9580783166416068
409,0.12136838963398067,0.8786316103660193
416,0.09292249731730728,0.9070775026826927
426,0.6451620337143801,0.3548379662856199
432,0.588728822631124,0.4112711773688759
446,0.031420479744776464,0.9685795202552235
447,0.011442739348431763,0.9885572606515682
452,0.143186021926608,0.856813978073392
461,0.41621786327785026,0.5837821367221497
469,0.1956703197913523,0.8043296802086477
470,0.514726762505565,0.48527323749443496
477,0.5682883509228251,0.4317116490771749
484,0.8454485295201708,0.15455147047982917
487,0.08949704011119997,0.9105029598888
488,0.4296583862098321,0.5703416137901679
493,0.17815667257905798,0.821843327420942
502,0.6761543846379918,0.32384561536200823
514,0.0799981467080998,0.9200018532919002
531,0.014973672930326587,0.9850263270696734
550,0.12823920247170828,0.8717607975282917
569,0.3547908491222217,0.6452091508777783
594,0.1642441975512241,0.8357558024487759
600,0.047924687945540057,0.9520753120544599
616,0.26575243708786855,0.7342475629121314
617,0.030856565830008287,0.9691434341699917
624,0.7723393006449901,0.22766069935500982
635,0.028571333498210838,0.9714286665017892
636,0.020052645295278393,0.9799473547047216
651,0.03962770575909447,0.9603722942409055
658,0.21111735932280995,0.78888264067719
661,0.8533471973411699,0.14665280265883002
666,0.759710135686555,0.24028986431344507
681,0.7079642650124149,0.29203573498758506
684,0.1465111640258452,0.8534888359741548
691,0.2653111151972538,0.7346888848027462
701,0.9747424883028196,0.02525751169718036
703,0.9404423116478444,0.05955768835215561
713,0.9977529676010166,0.0022470323989833294
714,0.9982373862943329,0.0017626137056670921
724,0.8211664054452397,0.17883359455476036
759,0.5777638949366597,0.4222361050633403
765,0.9292802000129039,0.07071979998709611
788,0.2497569049435715,0.7502430950564285
789,0.9618785543562106,0.03812144564378935
792,0.9057035471851935,0.09429645281480653
794,0.9652414345885443,0.034758565411455764
813,0.8042712299271112,0.1957287700728888
836,0.6186951554246504,0.38130484457534963
846,0.8946531908807183,0.10534680911928179
847,0.5456671361653169,0.4543328638346831
851,0.9903115211738508,0.009688478826149162
852,0.7334010357551324,0.2665989642448677
870,0.8541548763085541,0.1458451236914459
871,0.7787995618088404,0.22120043819115962
895,0.9965325375980745,0.0034674624019255507
896,0.9728454737988299,0.027154526201170114
907,0.6050039716303216,0.3949960283696784
917,0.34204603401616696,0.657953965983833
921,0.8666338664079618,0.13336613359203822
926,0.4410895626697676,0.5589104373302324
930,0.6680063711380508,0.3319936288619491
931,0.8525419078150677,0.14745809218493236
952,0.9968112193556983,0.0031887806443017678
958,0.9651458948573239,0.03485410514267609
961,0.951100640190525,0.048899359809475004
972,0.9801097629718456,0.019890237028154345
979,0.23855119821868143,0.7614488017813186
987,0.6818415457226565,0.31815845427734346
997,0.9215008802681343,0.07849911973186573
998,0.6442387403548077,0.35576125964519234
1015,0.47827623892686566,0.5217237610731343
1022,0.6399127007389195,0.3600872992610805
1023,0.6067301243322393,0.3932698756677607
1024,0.9792909998613009,0.020709000138699144
1026,0.9987058258760145,0.0012941741239854906
1027,0.1362628031593086,0.8637371968406914
1050,0.9402658047686577,0.05973419523134225
1058,0.6302847308163454,0.3697152691836546
1079,0.9680510142401756,0.03194898575982436
1081,0.9992639143226779,0.000736085677322049
1086,0.9812695012101736,0.01873049878982632
1120,0.1843702659735228,0.8156297340264772
1168,0.6028474227298606,0.3971525772701394
1174,0.9520455879375591,0.04795441206244086
1185,0.7274871890409382,0.2725128109590618
1212,0.5146490869881261,0.48535091301187394
1216,0.9973400773540967,0.0026599226459033433
1219,0.4173766716004622,0.5826233283995378
1240,0.8533319503745496,0.1466680496254504
1256,0.7528206132114469,0.24717938678855308
1284,0.6456782383575648,0.3543217616424352
1302,0.18949000189880083,0.8105099981011992
1317,0.4430755285952874,0.5569244714047126
1321,0.5938157061018463,0.4061842938981537
1326,0.39861076438708753,0.6013892356129125
1328,0.9695128843195745,0.030487115680425506
1342,0.15453617723461133,0.8454638227653887
1351,0.9285649752610818,0.07143502473891815
1352,0.9637643856868957,0.03623561431310425
1355,0.9671633952447137,0.032836604755286235
1360,0.9614706827601269,0.03852931723987312
1363,0.6968909545418711,0.3031090454581289
1365,0.6102777266574195,0.3897222733425805
1373,0.7871431363670546,0.21285686363294545
19,0.044778470962894446,0.9552215290371056
20,0.004720894548791765,0.9952791054512082
47,0.5596385315922419,0.4403614684077582
56,0.07809095174642056,0.9219090482535794
58,0.04604498908762378,0.9539550109123762
62,0.1462903028836794,0.8537096971163206
90,0.03299426013122486,0.9670057398687751
93,0.0880007431393196,0.9119992568606804
97,0.2184789576181514,0.7815210423818486
100,0.05859932750575758,0.9414006724942424
118,0.019116109217292343,0.9808838907827077
124,0.6485300563725626,0.35146994362743744
134,0.17289881312666489,0.8271011868733351
137,0.004038001413834813,0.9959619985861652
147,0.2659069886213483,0.7340930113786517
154,0.47980134667492613,0.5201986533250739
158,0.005419400424060639,0.9945805995759394
159,0.18713211323301182,0.8128678867669882
167,0.3487520879279268,0.6512479120720732
189,0.29671349773032996,0.70328650226967
191,0.4454314727060943,0.5545685272939057
205,0.0028143049683667654,0.9971856950316332
210,0.2701514479421969,0.7298485520578031
215,0.17757429603103447,0.8224257039689655
227,0.5761387912451014,0.42386120875489863
264,0.4270569438772771,0.5729430561227229
276,0.15965560516518906,0.8403443948348109
282,0.026492810695824764,0.9735071893041752
287,0.06900743330340153,0.9309925666965985
289,0.8661523308403628,0.1338476691596372
299,0.15283924101794233,0.8471607589820577
307,0.22562618453663286,0.7743738154633671
310,0.5637073302929423,0.43629266970705766
330,0.21590177694869606,0.7840982230513039
352,0.018567556039147393,0.9814324439608526
365,0.1835053706186377,0.8164946293813623
372,0.19183441992841233,0.8081655800715877
389,0.02798052610770485,0.9720194738922951
408,0.1822158157712731,0.8177841842287269
414,0.10918371986374187,0.8908162801362581
430,0.14051653566018762,0.8594834643398124
433,0.57967633152084,0.42032366847916003
445,0.16626425884364038,0.8337357411563596
448,0.786188777889226,0.21381122211077397
457,0.0020024945594953047,0.9979975054405047
462,0.04057155269197288,0.9594284473080271
482,0.019626548369307772,0.9803734516306922
486,0.17066543052849392,0.8293345694715061
491,0.18168081197598718,0.8183191880240128
521,0.20064392393580277,0.7993560760641972
524,0.5675884725926378,0.4324115274073622
526,0.5937947066651061,0.4062052933348938
529,0.008464821021995306,0.9915351789780047
532,0.39573188579038854,0.6042681142096115
538,0.4278901229969909,0.5721098770030091
552,0.6701666256810893,0.3298333743189107
559,0.30154390623094185,0.6984560937690582
561,0.26393713839437993,0.7360628616056201
570,0.005298085162941835,0.9947019148370582
579,0.6778848934311227,0.3221151065688773
583,0.003116686123131096,0.9968833138768689
591,0.4052125466305977,0.5947874533694023
597,0.04096737716007748,0.9590326228399225
603,0.021811089669267036,0.978188910330733
608,0.8400054894724049,0.1599945105275951
634,0.0899036383491656,0.9100963616508344
653,0.03590993754576255,0.9640900624542375
659,0.11507698897696828,0.8849230110230317
672,0.11487506346888054,0.8851249365311195
694,0.6433542482027386,0.35664575179726143
718,0.4055898372975071,0.5944101627024929
728,0.7099569068714391,0.2900430931285609
737,0.8471624865213996,0.1528375134786004
746,0.24314057365772124,0.7568594263422788
766,0.8377719656135273,0.16222803438647268
770,0.9981557883111034,0.001844211688896557
780,0.7957671532833619,0.2042328467166381
786,0.9532661091725121,0.04673389082748792
799,0.058769738620561784,0.9412302613794382
800,0.5616909631512957,0.43830903684870426
805,0.7326255906625753,0.26737440933742473
811,0.8396870411701337,0.16031295882986626
823,0.46982726519459705,0.530172734805403
825,0.9192552820040276,0.08074471799597244
829,0.9876188048357581,0.0123811951642419
833,0.8441674743596197,0.1558325256403803
845,0.9977071305486591,0.00229286945134087
849,0.5213928370521117,0.4786071629478883
850,0.9589323804823244,0.04106761951767559
857,0.5079006184609253,0.49209938153907473
913,0.9230038721657599,0.07699612783424016
918,0.8572375714595255,0.14276242854047447
935,0.06787111243069266,0.9321288875693073
939,0.8828017861530377,0.11719821384696223
964,0.45490982185511464,0.5450901781448854
971,0.9612616044819668,0.03873839551803317
973,0.4869941185740265,0.5130058814259735
1001,0.715515401303652,0.28448459869634796
1018,0.816141652091886,0.183858347908114
1020,0.9381082781136203,0.061891721886379744
1035,0.9159028484904099,0.08409715150959005
1039,0.9626172484272181,0.03738275157278195
1044,0.7170580421905821,0.2829419578094179
1045,0.6496434687456364,0.3503565312543636
1052,0.9164767765520432,0.08352322344795687
1053,0.25297240129980836,0.7470275987001916
1055,0.9058844704892532,0.09411552951074675
1056,0.9198101179243412,0.08018988207565879
1067,0.6928769725839836,0.3071230274160164
1097,0.9598357127286958,0.04016428727130419
1110,0.7849439175357131,0.21505608246428692
1115,0.9591370002974112,0.040862999702588804
1118,0.5707936858589306,0.42920631414106936
1119,0.1835053706186377,0.8164946293813623
1122,0.21709416076114751,0.7829058392388525
1125,0.523748543456527,0.47625145654347306
1150,0.9952947574911054,0.004705242508894591
1159,0.37903138133811254,0.6209686186618875
1162,0.8871554758955997,0.11284452410440028
1172,0.7891405221330051,0.21085947786699485
1178,0.582368223346136,0.417631776653864
1206,0.998846563431802,0.001153436568197944
1220,0.9814508719021326,0.01854912809786737
1230,0.8554041722016692,0.14459582779833074
1232,0.8863794357920303,0.11362056420796972
1243,0.8314732253473296,0.16852677465267038
1257,0.5676298579577188,0.43237014204228125
1279,0.9464927109868554,0.05350728901314458
1281,0.7184552810643072,0.2815447189356928
1283,0.6092830482512268,0.39071695174877324
1294,0.9351602907644033,0.0648397092355967
1304,0.5154314827914572,0.4845685172085427
1306,0.8531460041660243,0.14685399583397574
1315,0.915968098134522,0.08403190186547799
1345,0.9795376528441113,0.020462347155888738
1350,0.951008033321443,0.048991966678556965
1366,0.9044701288910862,0.09552987110891377
1369,0.4405863796361459,0.5594136203638541
43,0.5156270922162884,0.48437290778371156
45,0.056772934845608525,0.9432270651543915
57,0.1556026556207708,0.8443973443792292
59,0.6826546232041381,0.31734537679586194
65,0.1803681308552556,0.8196318691447444
77,0.01482970824342733,0.9851702917565727
79,0.010207302619350433,0.9897926973806496
81,0.024019717268429885,0.9759802827315701
83,0.043209633273454395,0.9567903667265456
110,0.3194559248667561,0.6805440751332439
143,0.603706870527709,0.396293129472291
152,0.001795601140310188,0.9982043988596898
176,0.2223188063560224,0.7776811936439776
178,0.058563439279450624,0.9414365607205494
183,0.5400791905218676,0.4599208094781324
202,0.0062597437759216445,0.9937402562240784
223,0.8420334063594399,0.15796659364056007
245,0.2094002478150533,0.7905997521849467
253,0.04849023081456705,0.951509769185433
258,0.08796795939796387,0.9120320406020361
262,0.22746264300758046,0.7725373569924195
268,0.0030370434587491113,0.9969629565412509
286,0.5310396060026523,0.46896039399734774
296,0.5401002287787571,0.459899771221243
302,0.0641968402463916,0.9358031597536084
303,0.24321421470155036,0.7567857852984496
311,0.14672940507051757,0.8532705949294824
359,0.14256100278869854,0.8574389972113015
384,0.04193909646989902,0.958060903530101
401,0.002672692027112733,0.9973273079728873
405,0.005938428251543226,0.9940615717484568
406,0.0592294156227543,0.9407705843772457
411,0.5758715102030104,0.4241284897969896
412,0.588362386758069,0.41163761324193104
423,0.11298356046340086,0.8870164395365991
424,0.06065855961638611,0.9393414403836139
427,0.7672310260485997,0.2327689739514003
434,0.4970389302277328,0.5029610697722672
450,0.009093701887120997,0.990906298112879
456,0.074164685494297,0.925835314505703
463,0.0928570598558931,0.9071429401441069
465,0.20263692880553885,0.7973630711944611
472,0.013661516181348032,0.986338483818652
474,0.37273497466446925,0.6272650253355307
489,0.1367384353967409,0.8632615646032591
497,0.8031552506860566,0.1968447493139433
517,0.03155042034217237,0.9684495796578276
520,0.08193590006780727,0.9180640999321927
541,0.881676325189903,0.118323674810097
549,0.05571068757136477,0.9442893124286352
555,0.6078651564685309,0.3921348435314691
563,0.3418379722790048,0.6581620277209952
564,0.4560336115979762,0.5439663884020238
567,0.016860524412105393,0.9831394755878946
571,0.5913775827544526,0.4086224172455474
575,0.20133914326906233,0.7986608567309377
578,0.007801566999926179,0.9921984330000738
581,0.012585595271151995,0.987414404728848
589,0.044237978310539994,0.95576202168946
596,0.009553676687034995,0.990446323312965
622,0.19144693687279046,0.8085530631272095
626,0.17563020236219362,0.8243697976378064
630,0.004200858039974942,0.9957991419600251
640,0.3988761435417504,0.6011238564582496
645,0.07260578704624521,0.9273942129537548
655,0.07807936867737086,0.9219206313226291
656,0.3447911498045867,0.6552088501954133
662,0.026782330816781608,0.9732176691832184
686,0.2019828421726254,0.7980171578273746
693,0.9853732850083573,0.014626714991642668
696,0.9760262771530215,0.023973722846978476
697,0.7322939626516106,0.2677060373483894
704,0.9613921980805303,0.038607801919469706
705,0.9046883797793149,0.0953116202206851
706,0.9540825417149362,0.04591745828506374
710,0.9948856118292606,0.005114388170739413
721,0.7643942072211457,0.23560579277885432
723,0.6675229898969086,0.33247701010309144
725,0.9254577121134832,0.07454228788651683
740,0.7208171916462021,0.279182808353798
752,0.2244815075916169,0.7755184924083831
753,0.7627670610379906,0.2372329389620093
755,0.8844418118585295,0.11555818814147041
763,0.9697642404564343,0.03023575954356577
793,0.8128227061380975,0.18717729386190254
810,0.5310396060026523,0.46896039399734774
812,0.7749138137171381,0.22508618628286195
816,0.37789895662325557,0.6221010433767444
832,0.990896158161987,0.009103841838013028
837,0.9900764133169866,0.009923586683013408
842,0.7304272911388696,0.26957270886113044
867,0.9080084300599112,0.09199156994008882
869,0.7066943164957071,0.2933056835042929
873,0.2853712144122028,0.7146287855877972
884,0.18537675890879501,0.814623241091205
893,0.8292868239948312,0.17071317600516883
909,0.9898473412552977,0.01015265874470224
912,0.9845887136617025,0.015411286338297454
915,0.9897071700631694,0.01029282993683061
942,0.37076660682867746,0.6292333931713225
963,0.934960253219759,0.0650397467802411
965,0.9892333580980105,0.010766641901989536
986,0.9520185490899632,0.047981450910036756
992,0.9082247387894753,0.09177526121052472
995,0.9451074160808356,0.05489258391916445
1033,0.8428444281488776,0.15715557185112236
1034,0.9816248767973347,0.018375123202665284
1036,0.7600614680918207,0.23993853190817932
1040,0.9619791550568108,0.038020844943189205
1059,0.66623778501174,0.33376221498826003
1062,0.3544844842084798,0.6455155157915202
1066,0.8556740634159656,0.1443259365840343
1087,0.99755773595475,0.00244226404525007
1090,0.7440791666148403,0.25592083338515975
1116,0.692318789033119,0.307681210966881
1134,0.8916308675829481,0.10836913241705187
1136,0.4632909056130954,0.5367090943869046
1154,0.7655604981542118,0.2344395018457882
1165,0.9951552599825151,0.0048447400174849616
1169,0.8950128353393194,0.10498716466068062
1200,0.5747658709255873,0.4252341290744127
1201,0.9462233606205794,0.05377663937942057
1205,0.9778881002769702,0.0221118997230298
1222,0.9967100069540592,0.0032899930459408333
1225,0.49806860153995847,0.5019313984600415
1233,0.8161553567714681,0.18384464322853192
1234,0.6712323511324974,0.3287676488675026
1239,0.9839416387299812,0.01605836127001881
1245,0.3005778391264702,0.6994221608735298
1254,0.5984603835344812,0.40153961646551883
1258,0.4308339198646306,0.5691660801353694
1276,0.9529683092573539,0.04703169074264615
1290,0.9562049690064721,0.04379503099352784
1313,0.9212106412699228,0.07878935873007721
1330,0.6975865305697457,0.30241346943025427
1334,0.9856384423213421,0.01436155767865784
1361,0.8195061091759464,0.18049389082405362
1372,0.9740605945150995,0.025939405484900428
1,0.3028034726162565,0.6971965273837435
17,0.0039050597201353288,0.9960949402798647
18,0.05264974111204823,0.9473502588879518
24,0.24138710693543475,0.7586128930645653
31,0.443342540987694,0.556657459012306
37,0.17916833498017204,0.820831665019828
44,0.04585155201710367,0.9541484479828963
46,0.3567235532953008,0.6432764467046992
72,0.08512548514231921,0.9148745148576808
75,0.012472258337339004,0.987527741662661
82,0.15052206222399722,0.8494779377760028
99,0.012450346626424857,0.9875496533735751
115,0.24668752329626464,0.7533124767037354
123,0.5107682605458178,0.4892317394541822
131,0.05014860011863509,0.9498513998813649
145,0.012840338965246056,0.9871596610347539
150,0.05835112972880063,0.9416488702711994
151,0.5604411869235053,0.4395588130764947
170,0.07366664542073964,0.9263333545792604
173,0.9112432664751288,0.08875673352487126
177,0.15222133650804814,0.8477786634919519
206,0.8644066443428872,0.13559335565711286
217,0.062287272666953886,0.9377127273330461
225,0.06788355853415395,0.932116441465846
240,0.21692422684673474,0.7830757731532653
249,0.5694126277895211,0.43058737221047894
256,0.4235787853808216,0.5764212146191784
271,0.7528772926687004,0.2471227073312996
274,0.01129129924865746,0.9887087007513425
288,0.023747381220924013,0.976252618779076
295,0.24750963056524977,0.7524903694347502
298,0.3402937669718459,0.6597062330281541
314,0.5694126277895211,0.43058737221047894
315,0.7850763155724635,0.2149236844275365
317,0.12000376684587177,0.8799962331541282
324,0.89895059538664,0.10104940461335994
326,0.0023228529517834717,0.9976771470482165
332,0.6384845458920131,0.3615154541079869
356,0.03538788799552994,0.9646121120044701
360,0.5630906276333713,0.43690937236662875
376,0.20016480537815384,0.7998351946218462
377,0.5694126277895211,0.43058737221047894
382,0.04983553447531719,0.9501644655246828
386,0.02791711752322945,0.9720828824767705
397,0.358236079708697,0.641763920291303
402,0.11669402392730532,0.8833059760726947
403,0.48058826879289473,0.5194117312071053
410,0.0662054368766225,0.9337945631233775
420,0.30089064689837564,0.6991093531016244
429,0.31461650996082224,0.6853834900391778
438,0.09422862635121632,0.9057713736487837
443,0.09780839017656862,0.9021916098234314
485,0.5582109184450975,0.4417890815549025
523,0.0038551500803664096,0.9961448499196336
525,0.020991473189053367,0.9790085268109466
528,0.2521263250368113,0.7478736749631887
535,0.08248722041922485,0.9175127795807752
548,0.2998613932825066,0.7001386067174934
553,0.1958540865829086,0.8041459134170914
554,0.7555940604477679,0.24440593955223208
565,0.5107682605458178,0.4892317394541822
602,0.19463346664174708,0.8053665333582529
618,0.22388532391543148,0.7761146760845685
629,0.30008520416286766,0.6999147958371323
649,0.672500433460359,0.327499566539641
650,0.06982471838916449,0.9301752816108355
652,0.46990911486528986,0.5300908851347101
675,0.16799511223762698,0.832004887762373
677,0.5163954033069932,0.4836045966930068
695,0.9940921851941533,0.005907814805846713
720,0.8309425393824648,0.1690574606175352
727,0.8668101785190611,0.1331898214809389
735,0.5711836626053324,0.4288163373946676
741,0.8912040144145499,0.10879598558545016
750,0.604786176918291,0.3952138230817091
751,0.9777762352597114,0.02222376474028859
773,0.9931014212523595,0.00689857874764059
822,0.7513560108782903,0.24864398912170968
841,0.9844982385149172,0.01550176148508275
848,0.12569730008060986,0.8743026999193901
862,0.27648194782849567,0.7235180521715043
864,0.7181219183644754,0.28187808163552464
886,0.9361393285398443,0.06386067146015573
887,0.7359781468968154,0.2640218531031846
891,0.6897973412562102,0.31020265874378977
892,0.9024378511157733,0.09756214888422662
906,0.8270761697920284,0.1729238302079717
914,0.8578884435078233,0.1421115564921767
919,0.5098534037489328,0.4901465962510671
943,0.5954587127447613,0.4045412872552388
947,0.9362825161418571,0.06371748385814295
953,0.9723508535236804,0.02764914647631956
959,0.8969577291988285,0.1030422708011715
960,0.9153387678770071,0.08466123212299291
967,0.9931876268700472,0.006812373129952726
976,0.8703080551537999,0.12969194484620003
985,0.9397098821956219,0.060290117804378096
988,0.8389215325167017,0.16107846748329832
1000,0.5726161979809732,0.42738380201902687
1029,0.966253331762426,0.033746668237573954
1043,0.679930385657342,0.32006961434265796
1057,0.774019293094649,0.22598070690535105
1060,0.9787639641326833,0.021236035867316688
1064,0.30008520416286766,0.6999147958371323
1070,0.5107682605458178,0.4892317394541822
1071,0.31612597316331337,0.6838740268366866
1105,0.20300437226992463,0.7969956277300754
1107,0.9333924099930101,0.06660759000698993
1114,0.9744778786768393,0.025522121323160646
1121,0.28381911835048845,0.7161808816495115
1153,0.9940921851941533,0.005907814805846713
1176,0.649807475421844,0.350192524578156
1179,0.849747386502799,0.15025261349720098
1181,0.8105079755087169,0.18949202449128308
1183,0.3773158298512771,0.6226841701487229
1191,0.1189070434216919,0.8810929565783081
1203,0.8837890473105591,0.11621095268944096
1208,0.9522237403587396,0.04777625964126041
1214,0.8885933653001891,0.11140663469981092
1215,0.8533151883524154,0.14668481164758465
1218,0.9267251416988473,0.07327485830115264
1223,0.9930044341351686,0.006995565864831393
1231,0.41337544624487943,0.5866245537551206
1250,0.7714709036061995,0.22852909639380053
1259,0.5691617842579723,0.43083821574202774
1269,0.8833026866974427,0.11669731330255728
1273,0.9897848373545683,0.010215162645431677
1275,0.9987422583065299,0.0012577416934701836
1282,0.9578769132049085,0.04212308679509149
1285,0.9812765338412982,0.018723466158701813
1287,0.9572946764416621,0.04270532355833795
1295,0.7792159215683069,0.22078407843169315
1296,0.9519596802677868,0.04804031973221326
1308,0.9091094170615547,0.09089058293844532
1316,0.8904838825695738,0.10951611743042618
1322,0.40162044060144686,0.5983795593985531
1325,0.9176877078559338,0.08231229214406617
1364,0.809884601647588,0.190115398352412
